<?xml version="1.0" encoding="utf-8"?>
<!-- Generated by PRONEXUS WORKS -->
<link:linkbase xmlns:link="http://www.xbrl.org/2003/linkbase" xmlns:xsi="http://www.w3.org/2001/XMLSchema-instance" xmlns:xbrli="http://www.xbrl.org/2003/instance" xmlns:xlink="http://www.w3.org/1999/xlink">
  <link:labelLink xlink:type="extended" xlink:role="http://www.xbrl.org/2003/role/link">
    <link:loc xlink:type="locator" xlink:href="jpcrp030000-asr-001_E03717-000_2019-03-31_01_2019-06-28.xsd#jpcrp030000-asr_E03717-000_InformationAboutEmployeesOfReportingCompanyTable" xlink:label="InformationAboutEmployeesOfReportingCompanyTable" />
    <link:loc xlink:type="locator" xlink:href="jpcrp030000-asr-001_E03717-000_2019-03-31_01_2019-06-28.xsd#jpcrp030000-asr_E03717-000_InformationAboutEmployeesOfReportingCompanyLineItems" xlink:label="InformationAboutEmployeesOfReportingCompanyLineItems" />
    <link:loc xlink:type="locator" xlink:href="jpcrp030000-asr-001_E03717-000_2019-03-31_01_2019-06-28.xsd#jpcrp030000-asr_E03717-000_IncreaseDecreaseInAccountsPayableOpeCF" xlink:label="IncreaseDecreaseInAccountsPayableOpeCF" />
    <link:loc xlink:type="locator" xlink:href="jpcrp030000-asr-001_E03717-000_2019-03-31_01_2019-06-28.xsd#jpcrp030000-asr_E03717-000_DecreaseIncreaseInMarginCustomerOpeCF" xlink:label="DecreaseIncreaseInMarginCustomerOpeCF" />
    <link:loc xlink:type="locator" xlink:href="jpcrp030000-asr-001_E03717-000_2019-03-31_01_2019-06-28.xsd#jpcrp030000-asr_E03717-000_IncreaseDecreaseInCustomersDepositsSubstituteSecuritiesOpeCF" xlink:label="IncreaseDecreaseInCustomersDepositsSubstituteSecuritiesOpeCF" />
    <link:loc xlink:type="locator" xlink:href="jpcrp030000-asr-001_E03717-000_2019-03-31_01_2019-06-28.xsd#jpcrp030000-asr_E03717-000_TelecommunicationsExpensesSGA" xlink:label="TelecommunicationsExpensesSGA" />
    <link:loc xlink:type="locator" xlink:href="jpcrp030000-asr-001_E03717-000_2019-03-31_01_2019-06-28.xsd#jpcrp030000-asr_E03717-000_EquipmentExpensesSGA" xlink:label="EquipmentExpensesSGA" />
    <link:loc xlink:type="locator" xlink:href="jpcrp030000-asr-001_E03717-000_2019-03-31_01_2019-06-28.xsd#jpcrp030000-asr_E03717-000_LitigationExpensesSGA" xlink:label="LitigationExpensesSGA" />
    <link:loc xlink:type="locator" xlink:href="jpcrp030000-asr-001_E03717-000_2019-03-31_01_2019-06-28.xsd#jpcrp030000-asr_E03717-000_WarehouseCertificateChargesForCustodyNOI" xlink:label="WarehouseCertificateChargesForCustodyNOI" />
    <link:loc xlink:type="locator" xlink:href="jpcrp030000-asr-001_E03717-000_2019-03-31_01_2019-06-28.xsd#jpcrp030000-asr_E03717-000_LeaseDepositsDepreciationNOE" xlink:label="LeaseDepositsDepreciationNOE" />
    <link:loc xlink:type="locator" xlink:href="jpcrp030000-asr-001_E03717-000_2019-03-31_01_2019-06-28.xsd#jpcrp030000-asr_E03717-000_MarginCustomerCA" xlink:label="MarginCustomerCA" />
    <link:loc xlink:type="locator" xlink:href="jpcrp030000-asr-001_E03717-000_2019-03-31_01_2019-06-28.xsd#jpcrp030000-asr_E03717-000_NotesRegardingAccountsReceivableCustomerAndBadDebtsTextBlock" xlink:label="NotesRegardingAccountsReceivableCustomerAndBadDebtsTextBlock" />
    <link:loc xlink:type="locator" xlink:href="jpcrp030000-asr-001_E03717-000_2019-03-31_01_2019-06-28.xsd#jpcrp030000-asr_E03717-000_NotesRegardingClaimsProvableInBankruptcyClaimsProvableInRehabilitationAndOtherTextBlock" xlink:label="NotesRegardingClaimsProvableInBankruptcyClaimsProvableInRehabilitationAndOtherTextBlock" />
    <link:loc xlink:type="locator" xlink:href="jpcrp030000-asr-001_E03717-000_2019-03-31_01_2019-06-28.xsd#jpcrp030000-asr_E03717-000_BrokerageIncomeOperatingRevenueSummaryOfBusinessResults" xlink:label="BrokerageIncomeOperatingRevenueSummaryOfBusinessResults" />
    <link:loc xlink:type="locator" xlink:href="jpcrp030000-asr-001_E03717-000_2019-03-31_01_2019-06-28.xsd#jpcrp030000-asr_E03717-000_RestatementEquityToAssetRatioEquityToAssetRatioSummaryOfBusinessResults" xlink:label="RestatementEquityToAssetRatioEquityToAssetRatioSummaryOfBusinessResults" />
    <link:loc xlink:type="locator" xlink:href="jpcrp030000-asr-001_E03717-000_2019-03-31_01_2019-06-28.xsd#jpcrp030000-asr_E03717-000_MeasuresForConsignorAssetsPreservationRatioSummaryOfBusinessResults" xlink:label="MeasuresForConsignorAssetsPreservationRatioSummaryOfBusinessResults" />
    <link:loc xlink:type="locator" xlink:href="jpcrp030000-asr-001_E03717-000_2019-03-31_01_2019-06-28.xsd#jpcrp030000-asr_E03717-000_NetAssetsRegulationRatioSummaryOfBusinessResults" xlink:label="NetAssetsRegulationRatioSummaryOfBusinessResults" />
    <link:loc xlink:type="locator" xlink:href="jpcrp030000-asr-001_E03717-000_2019-03-31_01_2019-06-28.xsd#jpcrp030000-asr_E03717-000_ManagementAnalysisOfFinancialPositionOperatingResultsAndCashFlowsHeading" xlink:label="ManagementAnalysisOfFinancialPositionOperatingResultsAndCashFlowsHeading" />
    <link:loc xlink:type="locator" xlink:href="jpcrp030000-asr-001_E03717-000_2019-03-31_01_2019-06-28.xsd#jpcrp030000-asr_E03717-000_ManagementAnalysisOfFinancialPositionOperatingResultsAndCashFlowsTextBlock" xlink:label="ManagementAnalysisOfFinancialPositionOperatingResultsAndCashFlowsTextBlock" />
    <link:loc xlink:type="locator" xlink:href="jpcrp030000-asr-001_E03717-000_2019-03-31_01_2019-06-28.xsd#jpcrp030000-asr_E03717-000_AnalysisAndResponsesToSignificantEventsRelatedToGoingConcernRisksEtcTextBlock" xlink:label="AnalysisAndResponsesToSignificantEventsRelatedToGoingConcernRisksEtcTextBlock" />
    <link:loc xlink:type="locator" xlink:href="jpcrp030000-asr-001_E03717-000_2019-03-31_01_2019-06-28.xsd#jpcrp030000-asr_E03717-000_OtherInformationAboutShareAcquisitionRightsHeading" xlink:label="OtherInformationAboutShareAcquisitionRightsHeading" />
    <link:loc xlink:type="locator" xlink:href="jpcrp030000-asr-001_E03717-000_2019-03-31_01_2019-06-28.xsd#jpcrp030000-asr_E03717-000_OtherInformationAboutShareAcquisitionRightsTextBlock" xlink:label="OtherInformationAboutShareAcquisitionRightsTextBlock" />
    <link:loc xlink:type="locator" xlink:href="jpcrp030000-asr-001_E03717-000_2019-03-31_01_2019-06-28.xsd#jpcrp030000-asr_E03717-000_OverviewOfCorporateGovernanceHeading" xlink:label="OverviewOfCorporateGovernanceHeading" />
    <link:loc xlink:type="locator" xlink:href="jpcrp030000-asr-001_E03717-000_2019-03-31_01_2019-06-28.xsd#jpcrp030000-asr_E03717-000_OverviewOfCorporateGovernanceTextBlock" xlink:label="OverviewOfCorporateGovernanceTextBlock" />
    <link:loc xlink:type="locator" xlink:href="jpcrp030000-asr-001_E03717-000_2019-03-31_01_2019-06-28.xsd#jpcrp030000-asr_E03717-000_OutsideDirectorsAndOutsideCorporateAuditorsInformationAboutDirectorsAndOtherOfficersTextBlock" xlink:label="OutsideDirectorsAndOutsideCorporateAuditorsInformationAboutDirectorsAndOtherOfficersTextBlock" />
    <link:loc xlink:type="locator" xlink:href="jpcrp030000-asr-001_E03717-000_2019-03-31_01_2019-06-28.xsd#jpcrp030000-asr_E03717-000_InformationAboutAuditsHeading" xlink:label="InformationAboutAuditsHeading" />
    <link:loc xlink:type="locator" xlink:href="jpcrp030000-asr-001_E03717-000_2019-03-31_01_2019-06-28.xsd#jpcrp030000-asr_E03717-000_InformationAboutAuditsTextBlock" xlink:label="InformationAboutAuditsTextBlock" />
    <link:loc xlink:type="locator" xlink:href="jpcrp030000-asr-001_E03717-000_2019-03-31_01_2019-06-28.xsd#jpcrp030000-asr_E03717-000_RemunerationForDirectorsAndOtherOfficersHeading" xlink:label="RemunerationForDirectorsAndOtherOfficersHeading" />
    <link:loc xlink:type="locator" xlink:href="jpcrp030000-asr-001_E03717-000_2019-03-31_01_2019-06-28.xsd#jpcrp030000-asr_E03717-000_RemunerationForDirectorsAndOtherOfficersTextBlock" xlink:label="RemunerationForDirectorsAndOtherOfficersTextBlock" />
    <link:loc xlink:type="locator" xlink:href="jpcrp030000-asr-001_E03717-000_2019-03-31_01_2019-06-28.xsd#jpcrp030000-asr_E03717-000_EquitySecuritiesHeldHeading" xlink:label="EquitySecuritiesHeldHeading" />
    <link:loc xlink:type="locator" xlink:href="jpcrp030000-asr-001_E03717-000_2019-03-31_01_2019-06-28.xsd#jpcrp030000-asr_E03717-000_EquitySecuritiesHeldTextBlock" xlink:label="EquitySecuritiesHeldTextBlock" />
    <link:loc xlink:type="locator" xlink:href="jpcrp030000-asr-001_E03717-000_2019-03-31_01_2019-06-28.xsd#jpcrp030000-asr_E03717-000_TotalShareholderReturn" xlink:label="TotalShareholderReturn" />
    <link:loc xlink:type="locator" xlink:href="jpcrp030000-asr-001_E03717-000_2019-03-31_01_2019-06-28.xsd#jpcrp030000-asr_E03717-000_TotalReturnOnSharePriceIndex" xlink:label="TotalReturnOnSharePriceIndex" />
    <link:loc xlink:type="locator" xlink:href="jpcrp030000-asr-001_E03717-000_2019-03-31_01_2019-06-28.xsd#jpcrp030000-asr_E03717-000_OfficialTitleOrPositionInformationAboutDirectorsAndCorporateAuditors" xlink:label="OfficialTitleOrPositionInformationAboutDirectorsAndCorporateAuditors" />
    <link:loc xlink:type="locator" xlink:href="jpcrp030000-asr-001_E03717-000_2019-03-31_01_2019-06-28.xsd#jpcrp030000-asr_E03717-000_EquitySecuritiesNotListedInvestmentEquitySecuritiesHeldForPurposesOtherThanPureInvestmentReportingCompanyAbstract" xlink:label="EquitySecuritiesNotListedInvestmentEquitySecuritiesHeldForPurposesOtherThanPureInvestmentReportingCompanyAbstract" />
    <link:loc xlink:type="locator" xlink:href="jpcrp030000-asr-001_E03717-000_2019-03-31_01_2019-06-28.xsd#jpcrp030000-asr_E03717-000_NumberOfNamesOfSecuritiesEquitySecuritiesNotListedInvestmentEquitySecuritiesHeldForPurposesOtherThanPureInvestmentReportingCompany" xlink:label="NumberOfNamesOfSecuritiesEquitySecuritiesNotListedInvestmentEquitySecuritiesHeldForPurposesOtherThanPureInvestmentReportingCompany" />
    <link:loc xlink:type="locator" xlink:href="jpcrp030000-asr-001_E03717-000_2019-03-31_01_2019-06-28.xsd#jpcrp030000-asr_E03717-000_BookValueEquitySecuritiesNotListedInvestmentEquitySecuritiesHeldForPurposesOtherThanPureInvestmentReportingCompany" xlink:label="BookValueEquitySecuritiesNotListedInvestmentEquitySecuritiesHeldForPurposesOtherThanPureInvestmentReportingCompany" />
    <link:loc xlink:type="locator" xlink:href="jpcrp030000-asr-001_E03717-000_2019-03-31_01_2019-06-28.xsd#jpcrp030000-asr_E03717-000_EquitySecuritiesOtherThanThoseNotListedInvestmentEquitySecuritiesHeldForPurposesOtherThanPureInvestmentReportingCompanyAbstract" xlink:label="EquitySecuritiesOtherThanThoseNotListedInvestmentEquitySecuritiesHeldForPurposesOtherThanPureInvestmentReportingCompanyAbstract" />
    <link:loc xlink:type="locator" xlink:href="jpcrp030000-asr-001_E03717-000_2019-03-31_01_2019-06-28.xsd#jpcrp030000-asr_E03717-000_NumberOfNamesOfSecuritiesEquitySecuritiesOtherThanThoseNotListedInvestmentEquitySecuritiesHeldForPurposesOtherThanPureInvestmentReportingCompany" xlink:label="NumberOfNamesOfSecuritiesEquitySecuritiesOtherThanThoseNotListedInvestmentEquitySecuritiesHeldForPurposesOtherThanPureInvestmentReportingCompany" />
    <link:loc xlink:type="locator" xlink:href="jpcrp030000-asr-001_E03717-000_2019-03-31_01_2019-06-28.xsd#jpcrp030000-asr_E03717-000_BookValueEquitySecuritiesOtherThanThoseNotListedInvestmentEquitySecuritiesHeldForPurposesOtherThanPureInvestmentReportingCompany" xlink:label="BookValueEquitySecuritiesOtherThanThoseNotListedInvestmentEquitySecuritiesHeldForPurposesOtherThanPureInvestmentReportingCompany" />
    <link:loc xlink:type="locator" xlink:href="jpcrp030000-asr-001_E03717-000_2019-03-31_01_2019-06-28.xsd#jpcrp030000-asr_E03717-000_NumberOfNamesOfSecuritiesEquitySecuritiesNotListedInvestmentEquitySecuritiesHeldForPureInvestmentReportingCompany" xlink:label="NumberOfNamesOfSecuritiesEquitySecuritiesNotListedInvestmentEquitySecuritiesHeldForPureInvestmentReportingCompany" />
    <link:loc xlink:type="locator" xlink:href="jpcrp030000-asr-001_E03717-000_2019-03-31_01_2019-06-28.xsd#jpcrp030000-asr_E03717-000_NumberOfNamesOfSecuritiesEquitySecuritiesOtherThanThoseNotListedInvestmentEquitySecuritiesHeldForPureInvestmentReportingCompany" xlink:label="NumberOfNamesOfSecuritiesEquitySecuritiesOtherThanThoseNotListedInvestmentEquitySecuritiesHeldForPureInvestmentReportingCompany" />
    <link:loc xlink:type="locator" xlink:href="jpcrp030000-asr-001_E03717-000_2019-03-31_01_2019-06-28.xsd#jpcrp030000-asr_E03717-000_DividendsFromRestAssetNOI" xlink:label="DividendsFromRestAssetNOI" />
    <link:loc xlink:type="locator" xlink:href="jpcrp030000-asr-001_E03717-000_2019-03-31_01_2019-06-28.xsd#jpcrp030000-asr_E03717-000_DecreaseIncreaseInAccountsReceivableOpeCF" xlink:label="DecreaseIncreaseInAccountsReceivableOpeCF" />
    <link:loc xlink:type="locator" xlink:href="jpcrp030000-asr-001_E03717-000_2019-03-31_01_2019-06-28.xsd#jpcrp030000-asr_E03717-000_YamanakaNorifumiMember" xlink:label="YamanakaNorifumiMember" />
    <link:loc xlink:type="locator" xlink:href="jpcrp030000-asr-001_E03717-000_2019-03-31_01_2019-06-28.xsd#jpcrp030000-asr_E03717-000_TounoShinobuMember" xlink:label="TounoShinobuMember" />
    <link:loc xlink:type="locator" xlink:href="jpcrp030000-asr-001_E03717-000_2019-03-31_01_2019-06-28.xsd#jpcrp030000-asr_E03717-000_TakedaHitoshiMember" xlink:label="TakedaHitoshiMember" />
    <link:loc xlink:type="locator" xlink:href="jpcrp030000-asr-001_E03717-000_2019-03-31_01_2019-06-28.xsd#jpcrp030000-asr_E03717-000_SuzumuraTatenaoMember" xlink:label="SuzumuraTatenaoMember" />
    <link:loc xlink:type="locator" xlink:href="jpcrp030000-asr-001_E03717-000_2019-03-31_01_2019-06-28.xsd#jpcrp030000-asr_E03717-000_MitaniTadashiMember" xlink:label="MitaniTadashiMember" />
    <link:loc xlink:type="locator" xlink:href="jpcrp030000-asr-001_E03717-000_2019-03-31_01_2019-06-28.xsd#jpcrp030000-asr_E03717-000_NiimiShikajirouMember" xlink:label="NiimiShikajirouMember" />
    <link:loc xlink:type="locator" xlink:href="jpcrp030000-asr-001_E03717-000_2019-03-31_01_2019-06-28.xsd#jpcrp030000-asr_E03717-000_KimuraManabuMember" xlink:label="KimuraManabuMember" />
    <link:loc xlink:type="locator" xlink:href="jpcrp030000-asr-001_E03717-000_2019-03-31_01_2019-06-28.xsd#jpcrp030000-asr_E03717-000_MaekawaKunihikoMember" xlink:label="MaekawaKunihikoMember" />
    <link:loc xlink:type="locator" xlink:href="jpcrp030000-asr-001_E03717-000_2019-03-31_01_2019-06-28.xsd#jpcrp030000-asr_E03717-000_OkadaYoshitakaMember" xlink:label="OkadaYoshitakaMember" />
    <link:loc xlink:type="locator" xlink:href="jpcrp030000-asr-001_E03717-000_2019-03-31_01_2019-06-28.xsd#jpcrp030000-asr_E03717-000_NakajimaFumitakaMember" xlink:label="NakajimaFumitakaMember" />
    <link:loc xlink:type="locator" xlink:href="jpcrp030000-asr-001_E03717-000_2019-03-31_01_2019-06-28.xsd#jpcrp030000-asr_E03717-000_SakaiHirooMember" xlink:label="SakaiHirooMember" />
    <link:loc xlink:type="locator" xlink:href="jpcrp030000-asr-001_E03717-000_2019-03-31_01_2019-06-28.xsd#jpcrp030000-asr_E03717-000_AsanoNobuyukiMember" xlink:label="AsanoNobuyukiMember" />
    <link:loc xlink:type="locator" xlink:href="jpcrp030000-asr-001_E03717-000_2019-03-31_01_2019-06-28.xsd#jpcrp030000-asr_E03717-000_NakayasuHiroshiMember" xlink:label="NakayasuHiroshiMember" />
    <link:loc xlink:type="locator" xlink:href="jpcrp030000-asr-001_E03717-000_2019-03-31_01_2019-06-28.xsd#jpcrp030000-asr_E03717-000_HiharaToshikazuMember" xlink:label="HiharaToshikazuMember" />
    <link:loc xlink:type="locator" xlink:href="jpcrp030000-asr-001_E03717-000_2019-03-31_01_2019-06-28.xsd#jpcrp030000-asr_E03717-000_ShogakiTatsuoMember" xlink:label="ShogakiTatsuoMember" />
    <link:loc xlink:type="locator" xlink:href="jpcrp030000-asr-001_E03717-000_2019-03-31_01_2019-06-28.xsd#jpcrp030000-asr_E03717-000_NotesRegardingDividendsFromRestAssetTextBlock" xlink:label="NotesRegardingDividendsFromRestAssetTextBlock" />
    <link:label xlink:type="resource" xlink:label="label_NotesRegardingAccountsReceivableCustomerAndBadDebtsTextBlock" xml:lang="en" xlink:role="http://www.xbrl.org/2003/role/label" id="label_NotesRegardingAccountsReceivableCustomerAndBadDebtsTextBlock">Notes regarding Accounts receivable - customer and Bad debts</link:label>
    <link:labelArc xlink:type="arc" xlink:arcrole="http://www.xbrl.org/2003/arcrole/concept-label" xlink:from="NotesRegardingAccountsReceivableCustomerAndBadDebtsTextBlock" xlink:to="label_NotesRegardingAccountsReceivableCustomerAndBadDebtsTextBlock" />
    <link:label xlink:type="resource" xlink:label="label_NotesRegardingAccountsReceivableCustomerAndBadDebtsTextBlock_2" xml:lang="en" xlink:role="http://www.xbrl.org/2003/role/verboseLabel" id="label_NotesRegardingAccountsReceivableCustomerAndBadDebtsTextBlock_2">Notes regarding Accounts receivable - customer and Bad debts [text block]</link:label>
    <link:labelArc xlink:type="arc" xlink:arcrole="http://www.xbrl.org/2003/arcrole/concept-label" xlink:from="NotesRegardingAccountsReceivableCustomerAndBadDebtsTextBlock" xlink:to="label_NotesRegardingAccountsReceivableCustomerAndBadDebtsTextBlock_2" />
    <link:label xlink:type="resource" xlink:label="label_NotesRegardingClaimsProvableInBankruptcyClaimsProvableInRehabilitationAndOtherTextBlock" xml:lang="en" xlink:role="http://www.xbrl.org/2003/role/label" id="label_NotesRegardingClaimsProvableInBankruptcyClaimsProvableInRehabilitationAndOtherTextBlock">Notes regarding Claims provable in bankruptcy, claims provable in rehabilitation and other</link:label>
    <link:labelArc xlink:type="arc" xlink:arcrole="http://www.xbrl.org/2003/arcrole/concept-label" xlink:from="NotesRegardingClaimsProvableInBankruptcyClaimsProvableInRehabilitationAndOtherTextBlock" xlink:to="label_NotesRegardingClaimsProvableInBankruptcyClaimsProvableInRehabilitationAndOtherTextBlock" />
    <link:label xlink:type="resource" xlink:label="label_NotesRegardingClaimsProvableInBankruptcyClaimsProvableInRehabilitationAndOtherTextBlock_2" xml:lang="en" xlink:role="http://www.xbrl.org/2003/role/verboseLabel" id="label_NotesRegardingClaimsProvableInBankruptcyClaimsProvableInRehabilitationAndOtherTextBlock_2">Notes regarding Claims provable in bankruptcy, claims provable in rehabilitation and other [text block]</link:label>
    <link:labelArc xlink:type="arc" xlink:arcrole="http://www.xbrl.org/2003/arcrole/concept-label" xlink:from="NotesRegardingClaimsProvableInBankruptcyClaimsProvableInRehabilitationAndOtherTextBlock" xlink:to="label_NotesRegardingClaimsProvableInBankruptcyClaimsProvableInRehabilitationAndOtherTextBlock_2" />
    <link:label xlink:type="resource" xlink:label="label_InformationAboutEmployeesOfReportingCompanyTable" xml:lang="en" xlink:role="http://www.xbrl.org/2003/role/label" id="label_InformationAboutEmployeesOfReportingCompanyTable">Information about employees of reporting company</link:label>
    <link:labelArc xlink:type="arc" xlink:arcrole="http://www.xbrl.org/2003/arcrole/concept-label" xlink:from="InformationAboutEmployeesOfReportingCompanyTable" xlink:to="label_InformationAboutEmployeesOfReportingCompanyTable" />
    <link:label xlink:type="resource" xlink:label="label_InformationAboutEmployeesOfReportingCompanyTable_2" xml:lang="en" xlink:role="http://www.xbrl.org/2003/role/verboseLabel" id="label_InformationAboutEmployeesOfReportingCompanyTable_2">Information about employees of reporting company [table]</link:label>
    <link:labelArc xlink:type="arc" xlink:arcrole="http://www.xbrl.org/2003/arcrole/concept-label" xlink:from="InformationAboutEmployeesOfReportingCompanyTable" xlink:to="label_InformationAboutEmployeesOfReportingCompanyTable_2" />
    <link:label xlink:type="resource" xlink:label="label_InformationAboutEmployeesOfReportingCompanyLineItems" xml:lang="en" xlink:role="http://www.xbrl.org/2003/role/label" id="label_InformationAboutEmployeesOfReportingCompanyLineItems">Information about employees of reporting company</link:label>
    <link:labelArc xlink:type="arc" xlink:arcrole="http://www.xbrl.org/2003/arcrole/concept-label" xlink:from="InformationAboutEmployeesOfReportingCompanyLineItems" xlink:to="label_InformationAboutEmployeesOfReportingCompanyLineItems" />
    <link:label xlink:type="resource" xlink:label="label_InformationAboutEmployeesOfReportingCompanyLineItems_2" xml:lang="en" xlink:role="http://www.xbrl.org/2003/role/verboseLabel" id="label_InformationAboutEmployeesOfReportingCompanyLineItems_2">Information about employees of reporting company [line items]</link:label>
    <link:labelArc xlink:type="arc" xlink:arcrole="http://www.xbrl.org/2003/arcrole/concept-label" xlink:from="InformationAboutEmployeesOfReportingCompanyLineItems" xlink:to="label_InformationAboutEmployeesOfReportingCompanyLineItems_2" />
    <link:label xlink:type="resource" xlink:label="label_NumberOfNamesOfSecuritiesEquitySecuritiesNotListedInvestmentEquitySecuritiesHeldForPureInvestmentReportingCompany" xml:lang="en" xlink:role="http://www.xbrl.org/2003/role/label" id="label_NumberOfNamesOfSecuritiesEquitySecuritiesNotListedInvestmentEquitySecuritiesHeldForPureInvestmentReportingCompany">Number of names of securities</link:label>
    <link:labelArc xlink:type="arc" xlink:arcrole="http://www.xbrl.org/2003/arcrole/concept-label" xlink:from="NumberOfNamesOfSecuritiesEquitySecuritiesNotListedInvestmentEquitySecuritiesHeldForPureInvestmentReportingCompany" xlink:to="label_NumberOfNamesOfSecuritiesEquitySecuritiesNotListedInvestmentEquitySecuritiesHeldForPureInvestmentReportingCompany" />
    <link:label xlink:type="resource" xlink:label="label_NumberOfNamesOfSecuritiesEquitySecuritiesNotListedInvestmentEquitySecuritiesHeldForPureInvestmentReportingCompany_2" xml:lang="en" xlink:role="http://www.xbrl.org/2003/role/verboseLabel" id="label_NumberOfNamesOfSecuritiesEquitySecuritiesNotListedInvestmentEquitySecuritiesHeldForPureInvestmentReportingCompany_2">Number of names of securities, Equity securities not listed, Investment equity securities held for pure investment, Reporting company</link:label>
    <link:labelArc xlink:type="arc" xlink:arcrole="http://www.xbrl.org/2003/arcrole/concept-label" xlink:from="NumberOfNamesOfSecuritiesEquitySecuritiesNotListedInvestmentEquitySecuritiesHeldForPureInvestmentReportingCompany" xlink:to="label_NumberOfNamesOfSecuritiesEquitySecuritiesNotListedInvestmentEquitySecuritiesHeldForPureInvestmentReportingCompany_2" />
    <link:label xlink:type="resource" xlink:label="label_NumberOfNamesOfSecuritiesEquitySecuritiesOtherThanThoseNotListedInvestmentEquitySecuritiesHeldForPureInvestmentReportingCompany" xml:lang="en" xlink:role="http://www.xbrl.org/2003/role/label" id="label_NumberOfNamesOfSecuritiesEquitySecuritiesOtherThanThoseNotListedInvestmentEquitySecuritiesHeldForPureInvestmentReportingCompany">Number of names of securities</link:label>
    <link:labelArc xlink:type="arc" xlink:arcrole="http://www.xbrl.org/2003/arcrole/concept-label" xlink:from="NumberOfNamesOfSecuritiesEquitySecuritiesOtherThanThoseNotListedInvestmentEquitySecuritiesHeldForPureInvestmentReportingCompany" xlink:to="label_NumberOfNamesOfSecuritiesEquitySecuritiesOtherThanThoseNotListedInvestmentEquitySecuritiesHeldForPureInvestmentReportingCompany" />
    <link:label xlink:type="resource" xlink:label="label_NumberOfNamesOfSecuritiesEquitySecuritiesOtherThanThoseNotListedInvestmentEquitySecuritiesHeldForPureInvestmentReportingCompany_2" xml:lang="en" xlink:role="http://www.xbrl.org/2003/role/verboseLabel" id="label_NumberOfNamesOfSecuritiesEquitySecuritiesOtherThanThoseNotListedInvestmentEquitySecuritiesHeldForPureInvestmentReportingCompany_2">Number of names of securities, Equity securities other than those not listed, Investment equity securities held for pure investment, Reporting company</link:label>
    <link:labelArc xlink:type="arc" xlink:arcrole="http://www.xbrl.org/2003/arcrole/concept-label" xlink:from="NumberOfNamesOfSecuritiesEquitySecuritiesOtherThanThoseNotListedInvestmentEquitySecuritiesHeldForPureInvestmentReportingCompany" xlink:to="label_NumberOfNamesOfSecuritiesEquitySecuritiesOtherThanThoseNotListedInvestmentEquitySecuritiesHeldForPureInvestmentReportingCompany_2" />
    <link:label xlink:type="resource" xlink:label="label_EquitySecuritiesNotListedInvestmentEquitySecuritiesHeldForPurposesOtherThanPureInvestmentReportingCompanyAbstract" xml:lang="en" xlink:role="http://www.xbrl.org/2003/role/label" id="label_EquitySecuritiesNotListedInvestmentEquitySecuritiesHeldForPurposesOtherThanPureInvestmentReportingCompanyAbstract">Equity securities not listed</link:label>
    <link:labelArc xlink:type="arc" xlink:arcrole="http://www.xbrl.org/2003/arcrole/concept-label" xlink:from="EquitySecuritiesNotListedInvestmentEquitySecuritiesHeldForPurposesOtherThanPureInvestmentReportingCompanyAbstract" xlink:to="label_EquitySecuritiesNotListedInvestmentEquitySecuritiesHeldForPurposesOtherThanPureInvestmentReportingCompanyAbstract" />
    <link:label xlink:type="resource" xlink:label="label_EquitySecuritiesNotListedInvestmentEquitySecuritiesHeldForPurposesOtherThanPureInvestmentReportingCompanyAbstract_2" xml:lang="en" xlink:role="http://www.xbrl.org/2003/role/verboseLabel" id="label_EquitySecuritiesNotListedInvestmentEquitySecuritiesHeldForPurposesOtherThanPureInvestmentReportingCompanyAbstract_2">Equity securities not listed, Investment equity securities held for purposes other than pure investment, Reporting company [abstract]</link:label>
    <link:labelArc xlink:type="arc" xlink:arcrole="http://www.xbrl.org/2003/arcrole/concept-label" xlink:from="EquitySecuritiesNotListedInvestmentEquitySecuritiesHeldForPurposesOtherThanPureInvestmentReportingCompanyAbstract" xlink:to="label_EquitySecuritiesNotListedInvestmentEquitySecuritiesHeldForPurposesOtherThanPureInvestmentReportingCompanyAbstract_2" />
    <link:label xlink:type="resource" xlink:label="label_NumberOfNamesOfSecuritiesEquitySecuritiesNotListedInvestmentEquitySecuritiesHeldForPurposesOtherThanPureInvestmentReportingCompany" xml:lang="en" xlink:role="http://www.xbrl.org/2003/role/label" id="label_NumberOfNamesOfSecuritiesEquitySecuritiesNotListedInvestmentEquitySecuritiesHeldForPurposesOtherThanPureInvestmentReportingCompany">Number of names of securities</link:label>
    <link:labelArc xlink:type="arc" xlink:arcrole="http://www.xbrl.org/2003/arcrole/concept-label" xlink:from="NumberOfNamesOfSecuritiesEquitySecuritiesNotListedInvestmentEquitySecuritiesHeldForPurposesOtherThanPureInvestmentReportingCompany" xlink:to="label_NumberOfNamesOfSecuritiesEquitySecuritiesNotListedInvestmentEquitySecuritiesHeldForPurposesOtherThanPureInvestmentReportingCompany" />
    <link:label xlink:type="resource" xlink:label="label_NumberOfNamesOfSecuritiesEquitySecuritiesNotListedInvestmentEquitySecuritiesHeldForPurposesOtherThanPureInvestmentReportingCompany_2" xml:lang="en" xlink:role="http://www.xbrl.org/2003/role/verboseLabel" id="label_NumberOfNamesOfSecuritiesEquitySecuritiesNotListedInvestmentEquitySecuritiesHeldForPurposesOtherThanPureInvestmentReportingCompany_2">Number of names of securities, Equity securities not listed, Investment equity securities held for purposes other than pure investment, Reporting company</link:label>
    <link:labelArc xlink:type="arc" xlink:arcrole="http://www.xbrl.org/2003/arcrole/concept-label" xlink:from="NumberOfNamesOfSecuritiesEquitySecuritiesNotListedInvestmentEquitySecuritiesHeldForPurposesOtherThanPureInvestmentReportingCompany" xlink:to="label_NumberOfNamesOfSecuritiesEquitySecuritiesNotListedInvestmentEquitySecuritiesHeldForPurposesOtherThanPureInvestmentReportingCompany_2" />
    <link:label xlink:type="resource" xlink:label="label_BookValueEquitySecuritiesNotListedInvestmentEquitySecuritiesHeldForPurposesOtherThanPureInvestmentReportingCompany" xml:lang="en" xlink:role="http://www.xbrl.org/2003/role/label" id="label_BookValueEquitySecuritiesNotListedInvestmentEquitySecuritiesHeldForPurposesOtherThanPureInvestmentReportingCompany">Book value</link:label>
    <link:labelArc xlink:type="arc" xlink:arcrole="http://www.xbrl.org/2003/arcrole/concept-label" xlink:from="BookValueEquitySecuritiesNotListedInvestmentEquitySecuritiesHeldForPurposesOtherThanPureInvestmentReportingCompany" xlink:to="label_BookValueEquitySecuritiesNotListedInvestmentEquitySecuritiesHeldForPurposesOtherThanPureInvestmentReportingCompany" />
    <link:label xlink:type="resource" xlink:label="label_BookValueEquitySecuritiesNotListedInvestmentEquitySecuritiesHeldForPurposesOtherThanPureInvestmentReportingCompany_2" xml:lang="en" xlink:role="http://www.xbrl.org/2003/role/verboseLabel" id="label_BookValueEquitySecuritiesNotListedInvestmentEquitySecuritiesHeldForPurposesOtherThanPureInvestmentReportingCompany_2">Book value, Equity securities not listed, Investment equity securities held for purposes other than pure investment, Reporting company</link:label>
    <link:labelArc xlink:type="arc" xlink:arcrole="http://www.xbrl.org/2003/arcrole/concept-label" xlink:from="BookValueEquitySecuritiesNotListedInvestmentEquitySecuritiesHeldForPurposesOtherThanPureInvestmentReportingCompany" xlink:to="label_BookValueEquitySecuritiesNotListedInvestmentEquitySecuritiesHeldForPurposesOtherThanPureInvestmentReportingCompany_2" />
    <link:label xlink:type="resource" xlink:label="label_EquitySecuritiesOtherThanThoseNotListedInvestmentEquitySecuritiesHeldForPurposesOtherThanPureInvestmentReportingCompanyAbstract" xml:lang="en" xlink:role="http://www.xbrl.org/2003/role/label" id="label_EquitySecuritiesOtherThanThoseNotListedInvestmentEquitySecuritiesHeldForPurposesOtherThanPureInvestmentReportingCompanyAbstract">Equity securities other than those not listed</link:label>
    <link:labelArc xlink:type="arc" xlink:arcrole="http://www.xbrl.org/2003/arcrole/concept-label" xlink:from="EquitySecuritiesOtherThanThoseNotListedInvestmentEquitySecuritiesHeldForPurposesOtherThanPureInvestmentReportingCompanyAbstract" xlink:to="label_EquitySecuritiesOtherThanThoseNotListedInvestmentEquitySecuritiesHeldForPurposesOtherThanPureInvestmentReportingCompanyAbstract" />
    <link:label xlink:type="resource" xlink:label="label_EquitySecuritiesOtherThanThoseNotListedInvestmentEquitySecuritiesHeldForPurposesOtherThanPureInvestmentReportingCompanyAbstract_2" xml:lang="en" xlink:role="http://www.xbrl.org/2003/role/verboseLabel" id="label_EquitySecuritiesOtherThanThoseNotListedInvestmentEquitySecuritiesHeldForPurposesOtherThanPureInvestmentReportingCompanyAbstract_2">Equity securities other than those not listed, Investment equity securities held for purposes other than pure investment, Reporting company [abstract]</link:label>
    <link:labelArc xlink:type="arc" xlink:arcrole="http://www.xbrl.org/2003/arcrole/concept-label" xlink:from="EquitySecuritiesOtherThanThoseNotListedInvestmentEquitySecuritiesHeldForPurposesOtherThanPureInvestmentReportingCompanyAbstract" xlink:to="label_EquitySecuritiesOtherThanThoseNotListedInvestmentEquitySecuritiesHeldForPurposesOtherThanPureInvestmentReportingCompanyAbstract_2" />
    <link:label xlink:type="resource" xlink:label="label_NumberOfNamesOfSecuritiesEquitySecuritiesOtherThanThoseNotListedInvestmentEquitySecuritiesHeldForPurposesOtherThanPureInvestmentReportingCompany" xml:lang="en" xlink:role="http://www.xbrl.org/2003/role/label" id="label_NumberOfNamesOfSecuritiesEquitySecuritiesOtherThanThoseNotListedInvestmentEquitySecuritiesHeldForPurposesOtherThanPureInvestmentReportingCompany">Number of names of securities</link:label>
    <link:labelArc xlink:type="arc" xlink:arcrole="http://www.xbrl.org/2003/arcrole/concept-label" xlink:from="NumberOfNamesOfSecuritiesEquitySecuritiesOtherThanThoseNotListedInvestmentEquitySecuritiesHeldForPurposesOtherThanPureInvestmentReportingCompany" xlink:to="label_NumberOfNamesOfSecuritiesEquitySecuritiesOtherThanThoseNotListedInvestmentEquitySecuritiesHeldForPurposesOtherThanPureInvestmentReportingCompany" />
    <link:label xlink:type="resource" xlink:label="label_NumberOfNamesOfSecuritiesEquitySecuritiesOtherThanThoseNotListedInvestmentEquitySecuritiesHeldForPurposesOtherThanPureInvestmentReportingCompany_2" xml:lang="en" xlink:role="http://www.xbrl.org/2003/role/verboseLabel" id="label_NumberOfNamesOfSecuritiesEquitySecuritiesOtherThanThoseNotListedInvestmentEquitySecuritiesHeldForPurposesOtherThanPureInvestmentReportingCompany_2">Number of names of securities, Equity securities other than those not listed, Investment equity securities held for purposes other than pure investment, Reporting company</link:label>
    <link:labelArc xlink:type="arc" xlink:arcrole="http://www.xbrl.org/2003/arcrole/concept-label" xlink:from="NumberOfNamesOfSecuritiesEquitySecuritiesOtherThanThoseNotListedInvestmentEquitySecuritiesHeldForPurposesOtherThanPureInvestmentReportingCompany" xlink:to="label_NumberOfNamesOfSecuritiesEquitySecuritiesOtherThanThoseNotListedInvestmentEquitySecuritiesHeldForPurposesOtherThanPureInvestmentReportingCompany_2" />
    <link:label xlink:type="resource" xlink:label="label_BookValueEquitySecuritiesOtherThanThoseNotListedInvestmentEquitySecuritiesHeldForPurposesOtherThanPureInvestmentReportingCompany" xml:lang="en" xlink:role="http://www.xbrl.org/2003/role/label" id="label_BookValueEquitySecuritiesOtherThanThoseNotListedInvestmentEquitySecuritiesHeldForPurposesOtherThanPureInvestmentReportingCompany">Book value</link:label>
    <link:labelArc xlink:type="arc" xlink:arcrole="http://www.xbrl.org/2003/arcrole/concept-label" xlink:from="BookValueEquitySecuritiesOtherThanThoseNotListedInvestmentEquitySecuritiesHeldForPurposesOtherThanPureInvestmentReportingCompany" xlink:to="label_BookValueEquitySecuritiesOtherThanThoseNotListedInvestmentEquitySecuritiesHeldForPurposesOtherThanPureInvestmentReportingCompany" />
    <link:label xlink:type="resource" xlink:label="label_BookValueEquitySecuritiesOtherThanThoseNotListedInvestmentEquitySecuritiesHeldForPurposesOtherThanPureInvestmentReportingCompany_2" xml:lang="en" xlink:role="http://www.xbrl.org/2003/role/verboseLabel" id="label_BookValueEquitySecuritiesOtherThanThoseNotListedInvestmentEquitySecuritiesHeldForPurposesOtherThanPureInvestmentReportingCompany_2">Book value, Equity securities other than those not listed, Investment equity securities held for purposes other than pure investment, Reporting company</link:label>
    <link:labelArc xlink:type="arc" xlink:arcrole="http://www.xbrl.org/2003/arcrole/concept-label" xlink:from="BookValueEquitySecuritiesOtherThanThoseNotListedInvestmentEquitySecuritiesHeldForPurposesOtherThanPureInvestmentReportingCompany" xlink:to="label_BookValueEquitySecuritiesOtherThanThoseNotListedInvestmentEquitySecuritiesHeldForPurposesOtherThanPureInvestmentReportingCompany_2" />
    <link:label xlink:type="resource" xlink:label="label_MarginCustomerCA" xml:lang="en" xlink:role="http://www.xbrl.org/2003/role/label" id="label_MarginCustomerCA">Margin Customer</link:label>
    <link:labelArc xlink:type="arc" xlink:arcrole="http://www.xbrl.org/2003/arcrole/concept-label" xlink:from="MarginCustomerCA" xlink:to="label_MarginCustomerCA" />
    <link:label xlink:type="resource" xlink:label="label_MarginCustomerCA_2" xml:lang="en" xlink:role="http://www.xbrl.org/2003/role/verboseLabel" id="label_MarginCustomerCA_2">Margin Customer-CA</link:label>
    <link:labelArc xlink:type="arc" xlink:arcrole="http://www.xbrl.org/2003/arcrole/concept-label" xlink:from="MarginCustomerCA" xlink:to="label_MarginCustomerCA_2" />
    <link:label xlink:type="resource" xlink:label="label_IncreaseDecreaseInAccountsPayableOpeCF" xml:lang="en" xlink:role="http://www.xbrl.org/2003/role/label" id="label_IncreaseDecreaseInAccountsPayableOpeCF">Increase (decrease) in Accounts payable</link:label>
    <link:labelArc xlink:type="arc" xlink:arcrole="http://www.xbrl.org/2003/arcrole/concept-label" xlink:from="IncreaseDecreaseInAccountsPayableOpeCF" xlink:to="label_IncreaseDecreaseInAccountsPayableOpeCF" />
    <link:label xlink:type="resource" xlink:label="label_IncreaseDecreaseInAccountsPayableOpeCF_2" xml:lang="en" xlink:role="http://www.xbrl.org/2003/role/verboseLabel" id="label_IncreaseDecreaseInAccountsPayableOpeCF_2">Increase (decrease) in Accounts payable-OpeCF</link:label>
    <link:labelArc xlink:type="arc" xlink:arcrole="http://www.xbrl.org/2003/arcrole/concept-label" xlink:from="IncreaseDecreaseInAccountsPayableOpeCF" xlink:to="label_IncreaseDecreaseInAccountsPayableOpeCF_2" />
    <link:label xlink:type="resource" xlink:label="label_DecreaseIncreaseInMarginCustomerOpeCF" xml:lang="en" xlink:role="http://www.xbrl.org/2003/role/label" id="label_DecreaseIncreaseInMarginCustomerOpeCF">Decrease (Increase) in Margin Customer</link:label>
    <link:labelArc xlink:type="arc" xlink:arcrole="http://www.xbrl.org/2003/arcrole/concept-label" xlink:from="DecreaseIncreaseInMarginCustomerOpeCF" xlink:to="label_DecreaseIncreaseInMarginCustomerOpeCF" />
    <link:label xlink:type="resource" xlink:label="label_DecreaseIncreaseInMarginCustomerOpeCF_2" xml:lang="en" xlink:role="http://www.xbrl.org/2003/role/verboseLabel" id="label_DecreaseIncreaseInMarginCustomerOpeCF_2">Decrease (Increase) in Margin Customer-OpeCF</link:label>
    <link:labelArc xlink:type="arc" xlink:arcrole="http://www.xbrl.org/2003/arcrole/concept-label" xlink:from="DecreaseIncreaseInMarginCustomerOpeCF" xlink:to="label_DecreaseIncreaseInMarginCustomerOpeCF_2" />
    <link:label xlink:type="resource" xlink:label="label_IncreaseDecreaseInCustomersDepositsSubstituteSecuritiesOpeCF" xml:lang="en" xlink:role="http://www.xbrl.org/2003/role/label" id="label_IncreaseDecreaseInCustomersDepositsSubstituteSecuritiesOpeCF">Increase (decrease) in customers' deposits substitute Securities</link:label>
    <link:labelArc xlink:type="arc" xlink:arcrole="http://www.xbrl.org/2003/arcrole/concept-label" xlink:from="IncreaseDecreaseInCustomersDepositsSubstituteSecuritiesOpeCF" xlink:to="label_IncreaseDecreaseInCustomersDepositsSubstituteSecuritiesOpeCF" />
    <link:label xlink:type="resource" xlink:label="label_IncreaseDecreaseInCustomersDepositsSubstituteSecuritiesOpeCF_2" xml:lang="en" xlink:role="http://www.xbrl.org/2003/role/verboseLabel" id="label_IncreaseDecreaseInCustomersDepositsSubstituteSecuritiesOpeCF_2">Increase (decrease) in customers' deposits substitute Securities-OpeCF</link:label>
    <link:labelArc xlink:type="arc" xlink:arcrole="http://www.xbrl.org/2003/arcrole/concept-label" xlink:from="IncreaseDecreaseInCustomersDepositsSubstituteSecuritiesOpeCF" xlink:to="label_IncreaseDecreaseInCustomersDepositsSubstituteSecuritiesOpeCF_2" />
    <link:label xlink:type="resource" xlink:label="label_DecreaseIncreaseInAccountsReceivableOpeCF" xml:lang="en" xlink:role="http://www.xbrl.org/2003/role/label" id="label_DecreaseIncreaseInAccountsReceivableOpeCF">Decrease (increase) in Accounts receivable</link:label>
    <link:labelArc xlink:type="arc" xlink:arcrole="http://www.xbrl.org/2003/arcrole/concept-label" xlink:from="DecreaseIncreaseInAccountsReceivableOpeCF" xlink:to="label_DecreaseIncreaseInAccountsReceivableOpeCF" />
    <link:label xlink:type="resource" xlink:label="label_DecreaseIncreaseInAccountsReceivableOpeCF_2" xml:lang="en" xlink:role="http://www.xbrl.org/2003/role/verboseLabel" id="label_DecreaseIncreaseInAccountsReceivableOpeCF_2">Decrease (increase) in Accounts receivable-OpeCF</link:label>
    <link:labelArc xlink:type="arc" xlink:arcrole="http://www.xbrl.org/2003/arcrole/concept-label" xlink:from="DecreaseIncreaseInAccountsReceivableOpeCF" xlink:to="label_DecreaseIncreaseInAccountsReceivableOpeCF_2" />
    <link:label xlink:type="resource" xlink:label="label_TelecommunicationsExpensesSGA" xml:lang="en" xlink:role="http://www.xbrl.org/2003/role/label" id="label_TelecommunicationsExpensesSGA">Telecommunications expenses</link:label>
    <link:labelArc xlink:type="arc" xlink:arcrole="http://www.xbrl.org/2003/arcrole/concept-label" xlink:from="TelecommunicationsExpensesSGA" xlink:to="label_TelecommunicationsExpensesSGA" />
    <link:label xlink:type="resource" xlink:label="label_TelecommunicationsExpensesSGA_2" xml:lang="en" xlink:role="http://www.xbrl.org/2003/role/verboseLabel" id="label_TelecommunicationsExpensesSGA_2">Telecommunications expenses-SGA</link:label>
    <link:labelArc xlink:type="arc" xlink:arcrole="http://www.xbrl.org/2003/arcrole/concept-label" xlink:from="TelecommunicationsExpensesSGA" xlink:to="label_TelecommunicationsExpensesSGA_2" />
    <link:label xlink:type="resource" xlink:label="label_EquipmentExpensesSGA" xml:lang="en" xlink:role="http://www.xbrl.org/2003/role/label" id="label_EquipmentExpensesSGA">Equipment expenses</link:label>
    <link:labelArc xlink:type="arc" xlink:arcrole="http://www.xbrl.org/2003/arcrole/concept-label" xlink:from="EquipmentExpensesSGA" xlink:to="label_EquipmentExpensesSGA" />
    <link:label xlink:type="resource" xlink:label="label_EquipmentExpensesSGA_2" xml:lang="en" xlink:role="http://www.xbrl.org/2003/role/verboseLabel" id="label_EquipmentExpensesSGA_2">Equipment expenses-SGA</link:label>
    <link:labelArc xlink:type="arc" xlink:arcrole="http://www.xbrl.org/2003/arcrole/concept-label" xlink:from="EquipmentExpensesSGA" xlink:to="label_EquipmentExpensesSGA_2" />
    <link:label xlink:type="resource" xlink:label="label_LitigationExpensesSGA" xml:lang="en" xlink:role="http://www.xbrl.org/2003/role/label" id="label_LitigationExpensesSGA">Litigation expenses</link:label>
    <link:labelArc xlink:type="arc" xlink:arcrole="http://www.xbrl.org/2003/arcrole/concept-label" xlink:from="LitigationExpensesSGA" xlink:to="label_LitigationExpensesSGA" />
    <link:label xlink:type="resource" xlink:label="label_LitigationExpensesSGA_2" xml:lang="en" xlink:role="http://www.xbrl.org/2003/role/verboseLabel" id="label_LitigationExpensesSGA_2">Litigation expenses-SGA</link:label>
    <link:labelArc xlink:type="arc" xlink:arcrole="http://www.xbrl.org/2003/arcrole/concept-label" xlink:from="LitigationExpensesSGA" xlink:to="label_LitigationExpensesSGA_2" />
    <link:label xlink:type="resource" xlink:label="label_WarehouseCertificateChargesForCustodyNOI" xml:lang="en" xlink:role="http://www.xbrl.org/2003/role/label" id="label_WarehouseCertificateChargesForCustodyNOI">Warehouse certificate charges for custody</link:label>
    <link:labelArc xlink:type="arc" xlink:arcrole="http://www.xbrl.org/2003/arcrole/concept-label" xlink:from="WarehouseCertificateChargesForCustodyNOI" xlink:to="label_WarehouseCertificateChargesForCustodyNOI" />
    <link:label xlink:type="resource" xlink:label="label_WarehouseCertificateChargesForCustodyNOI_2" xml:lang="en" xlink:role="http://www.xbrl.org/2003/role/verboseLabel" id="label_WarehouseCertificateChargesForCustodyNOI_2">Warehouse certificate charges for custody-NOI</link:label>
    <link:labelArc xlink:type="arc" xlink:arcrole="http://www.xbrl.org/2003/arcrole/concept-label" xlink:from="WarehouseCertificateChargesForCustodyNOI" xlink:to="label_WarehouseCertificateChargesForCustodyNOI_2" />
    <link:label xlink:type="resource" xlink:label="label_LeaseDepositsDepreciationNOE" xml:lang="en" xlink:role="http://www.xbrl.org/2003/role/label" id="label_LeaseDepositsDepreciationNOE">Lease deposits depreciation</link:label>
    <link:labelArc xlink:type="arc" xlink:arcrole="http://www.xbrl.org/2003/arcrole/concept-label" xlink:from="LeaseDepositsDepreciationNOE" xlink:to="label_LeaseDepositsDepreciationNOE" />
    <link:label xlink:type="resource" xlink:label="label_LeaseDepositsDepreciationNOE_2" xml:lang="en" xlink:role="http://www.xbrl.org/2003/role/verboseLabel" id="label_LeaseDepositsDepreciationNOE_2">Lease deposits depreciation-NOE</link:label>
    <link:labelArc xlink:type="arc" xlink:arcrole="http://www.xbrl.org/2003/arcrole/concept-label" xlink:from="LeaseDepositsDepreciationNOE" xlink:to="label_LeaseDepositsDepreciationNOE_2" />
    <link:label xlink:type="resource" xlink:label="label_DividendsFromRestAssetNOI" xml:lang="en" xlink:role="http://www.xbrl.org/2003/role/label" id="label_DividendsFromRestAssetNOI">Dividends from rest asset</link:label>
    <link:labelArc xlink:type="arc" xlink:arcrole="http://www.xbrl.org/2003/arcrole/concept-label" xlink:from="DividendsFromRestAssetNOI" xlink:to="label_DividendsFromRestAssetNOI" />
    <link:label xlink:type="resource" xlink:label="label_DividendsFromRestAssetNOI_2" xml:lang="en" xlink:role="http://www.xbrl.org/2003/role/verboseLabel" id="label_DividendsFromRestAssetNOI_2">Dividends from rest asset-NOI</link:label>
    <link:labelArc xlink:type="arc" xlink:arcrole="http://www.xbrl.org/2003/arcrole/concept-label" xlink:from="DividendsFromRestAssetNOI" xlink:to="label_DividendsFromRestAssetNOI_2" />
    <link:label xlink:type="resource" xlink:label="label_NotesRegardingDividendsFromRestAssetTextBlock" xml:lang="en" xlink:role="http://www.xbrl.org/2003/role/label" id="label_NotesRegardingDividendsFromRestAssetTextBlock">Notes regarding dividends from rest asset</link:label>
    <link:labelArc xlink:type="arc" xlink:arcrole="http://www.xbrl.org/2003/arcrole/concept-label" xlink:from="NotesRegardingDividendsFromRestAssetTextBlock" xlink:to="label_NotesRegardingDividendsFromRestAssetTextBlock" />
    <link:label xlink:type="resource" xlink:label="label_NotesRegardingDividendsFromRestAssetTextBlock_2" xml:lang="en" xlink:role="http://www.xbrl.org/2003/role/verboseLabel" id="label_NotesRegardingDividendsFromRestAssetTextBlock_2">Notes regarding dividends from rest asset [text block]</link:label>
    <link:labelArc xlink:type="arc" xlink:arcrole="http://www.xbrl.org/2003/arcrole/concept-label" xlink:from="NotesRegardingDividendsFromRestAssetTextBlock" xlink:to="label_NotesRegardingDividendsFromRestAssetTextBlock_2" />
    <link:label xlink:type="resource" xlink:label="label_BrokerageIncomeOperatingRevenueSummaryOfBusinessResults" xml:lang="en" xlink:role="http://www.xbrl.org/2003/role/label" id="label_BrokerageIncomeOperatingRevenueSummaryOfBusinessResults">Brokerage income</link:label>
    <link:labelArc xlink:type="arc" xlink:arcrole="http://www.xbrl.org/2003/arcrole/concept-label" xlink:from="BrokerageIncomeOperatingRevenueSummaryOfBusinessResults" xlink:to="label_BrokerageIncomeOperatingRevenueSummaryOfBusinessResults" />
    <link:label xlink:type="resource" xlink:label="label_BrokerageIncomeOperatingRevenueSummaryOfBusinessResults_2" xml:lang="en" xlink:role="http://www.xbrl.org/2003/role/verboseLabel" id="label_BrokerageIncomeOperatingRevenueSummaryOfBusinessResults_2">Brokerage income,Operating revenue, Summary of business results</link:label>
    <link:labelArc xlink:type="arc" xlink:arcrole="http://www.xbrl.org/2003/arcrole/concept-label" xlink:from="BrokerageIncomeOperatingRevenueSummaryOfBusinessResults" xlink:to="label_BrokerageIncomeOperatingRevenueSummaryOfBusinessResults_2" />
    <link:label xlink:type="resource" xlink:label="label_RestatementEquityToAssetRatioEquityToAssetRatioSummaryOfBusinessResults" xml:lang="en" xlink:role="http://www.xbrl.org/2003/role/label" id="label_RestatementEquityToAssetRatioEquityToAssetRatioSummaryOfBusinessResults">Restatement-Equity-to-asset ratio</link:label>
    <link:labelArc xlink:type="arc" xlink:arcrole="http://www.xbrl.org/2003/arcrole/concept-label" xlink:from="RestatementEquityToAssetRatioEquityToAssetRatioSummaryOfBusinessResults" xlink:to="label_RestatementEquityToAssetRatioEquityToAssetRatioSummaryOfBusinessResults" />
    <link:label xlink:type="resource" xlink:label="label_RestatementEquityToAssetRatioEquityToAssetRatioSummaryOfBusinessResults_2" xml:lang="en" xlink:role="http://www.xbrl.org/2003/role/verboseLabel" id="label_RestatementEquityToAssetRatioEquityToAssetRatioSummaryOfBusinessResults_2">Restatement-Equity-to-asset ratio,Equity-to-asset ratio, Summary of business results</link:label>
    <link:labelArc xlink:type="arc" xlink:arcrole="http://www.xbrl.org/2003/arcrole/concept-label" xlink:from="RestatementEquityToAssetRatioEquityToAssetRatioSummaryOfBusinessResults" xlink:to="label_RestatementEquityToAssetRatioEquityToAssetRatioSummaryOfBusinessResults_2" />
    <link:label xlink:type="resource" xlink:label="label_MeasuresForConsignorAssetsPreservationRatioSummaryOfBusinessResults" xml:lang="en" xlink:role="http://www.xbrl.org/2003/role/label" id="label_MeasuresForConsignorAssetsPreservationRatioSummaryOfBusinessResults">Measures for Consignor Assets Preservation ratio</link:label>
    <link:labelArc xlink:type="arc" xlink:arcrole="http://www.xbrl.org/2003/arcrole/concept-label" xlink:from="MeasuresForConsignorAssetsPreservationRatioSummaryOfBusinessResults" xlink:to="label_MeasuresForConsignorAssetsPreservationRatioSummaryOfBusinessResults" />
    <link:label xlink:type="resource" xlink:label="label_MeasuresForConsignorAssetsPreservationRatioSummaryOfBusinessResults_2" xml:lang="en" xlink:role="http://www.xbrl.org/2003/role/verboseLabel" id="label_MeasuresForConsignorAssetsPreservationRatioSummaryOfBusinessResults_2">Measures for Consignor Assets Preservation ratio, Summary of business results</link:label>
    <link:labelArc xlink:type="arc" xlink:arcrole="http://www.xbrl.org/2003/arcrole/concept-label" xlink:from="MeasuresForConsignorAssetsPreservationRatioSummaryOfBusinessResults" xlink:to="label_MeasuresForConsignorAssetsPreservationRatioSummaryOfBusinessResults_2" />
    <link:label xlink:type="resource" xlink:label="label_NetAssetsRegulationRatioSummaryOfBusinessResults" xml:lang="en" xlink:role="http://www.xbrl.org/2003/role/label" id="label_NetAssetsRegulationRatioSummaryOfBusinessResults">Net Assets Regulation Ratio</link:label>
    <link:labelArc xlink:type="arc" xlink:arcrole="http://www.xbrl.org/2003/arcrole/concept-label" xlink:from="NetAssetsRegulationRatioSummaryOfBusinessResults" xlink:to="label_NetAssetsRegulationRatioSummaryOfBusinessResults" />
    <link:label xlink:type="resource" xlink:label="label_NetAssetsRegulationRatioSummaryOfBusinessResults_2" xml:lang="en" xlink:role="http://www.xbrl.org/2003/role/verboseLabel" id="label_NetAssetsRegulationRatioSummaryOfBusinessResults_2">Net Assets Regulation Ratio, Summary of business results</link:label>
    <link:labelArc xlink:type="arc" xlink:arcrole="http://www.xbrl.org/2003/arcrole/concept-label" xlink:from="NetAssetsRegulationRatioSummaryOfBusinessResults" xlink:to="label_NetAssetsRegulationRatioSummaryOfBusinessResults_2" />
    <link:label xlink:type="resource" xlink:label="label_TotalShareholderReturn" xml:lang="en" xlink:role="http://www.xbrl.org/2003/role/label" id="label_TotalShareholderReturn">Total shareholder return</link:label>
    <link:labelArc xlink:type="arc" xlink:arcrole="http://www.xbrl.org/2003/arcrole/concept-label" xlink:from="TotalShareholderReturn" xlink:to="label_TotalShareholderReturn" />
    <link:label xlink:type="resource" xlink:label="label_TotalShareholderReturn_2" xml:lang="en" xlink:role="http://www.xbrl.org/2003/role/verboseLabel" id="label_TotalShareholderReturn_2">Total shareholder return</link:label>
    <link:labelArc xlink:type="arc" xlink:arcrole="http://www.xbrl.org/2003/arcrole/concept-label" xlink:from="TotalShareholderReturn" xlink:to="label_TotalShareholderReturn_2" />
    <link:label xlink:type="resource" xlink:label="label_TotalReturnOnSharePriceIndex" xml:lang="en" xlink:role="http://www.xbrl.org/2003/role/label" id="label_TotalReturnOnSharePriceIndex">Total return on share price index</link:label>
    <link:labelArc xlink:type="arc" xlink:arcrole="http://www.xbrl.org/2003/arcrole/concept-label" xlink:from="TotalReturnOnSharePriceIndex" xlink:to="label_TotalReturnOnSharePriceIndex" />
    <link:label xlink:type="resource" xlink:label="label_TotalReturnOnSharePriceIndex_2" xml:lang="en" xlink:role="http://www.xbrl.org/2003/role/verboseLabel" id="label_TotalReturnOnSharePriceIndex_2">Total return on share price index</link:label>
    <link:labelArc xlink:type="arc" xlink:arcrole="http://www.xbrl.org/2003/arcrole/concept-label" xlink:from="TotalReturnOnSharePriceIndex" xlink:to="label_TotalReturnOnSharePriceIndex_2" />
    <link:label xlink:type="resource" xlink:label="label_ManagementAnalysisOfFinancialPositionOperatingResultsAndCashFlowsHeading" xml:lang="en" xlink:role="http://www.xbrl.org/2003/role/label" id="label_ManagementAnalysisOfFinancialPositionOperatingResultsAndCashFlowsHeading">Management analysis of financial position, operating results and cash flows</link:label>
    <link:labelArc xlink:type="arc" xlink:arcrole="http://www.xbrl.org/2003/arcrole/concept-label" xlink:from="ManagementAnalysisOfFinancialPositionOperatingResultsAndCashFlowsHeading" xlink:to="label_ManagementAnalysisOfFinancialPositionOperatingResultsAndCashFlowsHeading" />
    <link:label xlink:type="resource" xlink:label="label_ManagementAnalysisOfFinancialPositionOperatingResultsAndCashFlowsHeading_2" xml:lang="en" xlink:role="http://www.xbrl.org/2003/role/verboseLabel" id="label_ManagementAnalysisOfFinancialPositionOperatingResultsAndCashFlowsHeading_2">Management analysis of financial position, operating results and cash flows [heading]</link:label>
    <link:labelArc xlink:type="arc" xlink:arcrole="http://www.xbrl.org/2003/arcrole/concept-label" xlink:from="ManagementAnalysisOfFinancialPositionOperatingResultsAndCashFlowsHeading" xlink:to="label_ManagementAnalysisOfFinancialPositionOperatingResultsAndCashFlowsHeading_2" />
    <link:label xlink:type="resource" xlink:label="label_ManagementAnalysisOfFinancialPositionOperatingResultsAndCashFlowsTextBlock" xml:lang="en" xlink:role="http://www.xbrl.org/2003/role/label" id="label_ManagementAnalysisOfFinancialPositionOperatingResultsAndCashFlowsTextBlock">Management analysis of financial position, operating results and cash flows</link:label>
    <link:labelArc xlink:type="arc" xlink:arcrole="http://www.xbrl.org/2003/arcrole/concept-label" xlink:from="ManagementAnalysisOfFinancialPositionOperatingResultsAndCashFlowsTextBlock" xlink:to="label_ManagementAnalysisOfFinancialPositionOperatingResultsAndCashFlowsTextBlock" />
    <link:label xlink:type="resource" xlink:label="label_ManagementAnalysisOfFinancialPositionOperatingResultsAndCashFlowsTextBlock_2" xml:lang="en" xlink:role="http://www.xbrl.org/2003/role/verboseLabel" id="label_ManagementAnalysisOfFinancialPositionOperatingResultsAndCashFlowsTextBlock_2">Management analysis of financial position, operating results and cash flows [text block]</link:label>
    <link:labelArc xlink:type="arc" xlink:arcrole="http://www.xbrl.org/2003/arcrole/concept-label" xlink:from="ManagementAnalysisOfFinancialPositionOperatingResultsAndCashFlowsTextBlock" xlink:to="label_ManagementAnalysisOfFinancialPositionOperatingResultsAndCashFlowsTextBlock_2" />
    <link:label xlink:type="resource" xlink:label="label_AnalysisAndResponsesToSignificantEventsRelatedToGoingConcernRisksEtcTextBlock" xml:lang="en" xlink:role="http://www.xbrl.org/2003/role/label" id="label_AnalysisAndResponsesToSignificantEventsRelatedToGoingConcernRisksEtcTextBlock">Analysis and responses to significant events related to going concern risks, etc.</link:label>
    <link:labelArc xlink:type="arc" xlink:arcrole="http://www.xbrl.org/2003/arcrole/concept-label" xlink:from="AnalysisAndResponsesToSignificantEventsRelatedToGoingConcernRisksEtcTextBlock" xlink:to="label_AnalysisAndResponsesToSignificantEventsRelatedToGoingConcernRisksEtcTextBlock" />
    <link:label xlink:type="resource" xlink:label="label_AnalysisAndResponsesToSignificantEventsRelatedToGoingConcernRisksEtcTextBlock_2" xml:lang="en" xlink:role="http://www.xbrl.org/2003/role/verboseLabel" id="label_AnalysisAndResponsesToSignificantEventsRelatedToGoingConcernRisksEtcTextBlock_2">Analysis and responses to significant events related to going concern risks, etc. [text block]</link:label>
    <link:labelArc xlink:type="arc" xlink:arcrole="http://www.xbrl.org/2003/arcrole/concept-label" xlink:from="AnalysisAndResponsesToSignificantEventsRelatedToGoingConcernRisksEtcTextBlock" xlink:to="label_AnalysisAndResponsesToSignificantEventsRelatedToGoingConcernRisksEtcTextBlock_2" />
    <link:label xlink:type="resource" xlink:label="label_OtherInformationAboutShareAcquisitionRightsHeading" xml:lang="en" xlink:role="http://www.xbrl.org/2003/role/label" id="label_OtherInformationAboutShareAcquisitionRightsHeading">Other information about share acquisition rights</link:label>
    <link:labelArc xlink:type="arc" xlink:arcrole="http://www.xbrl.org/2003/arcrole/concept-label" xlink:from="OtherInformationAboutShareAcquisitionRightsHeading" xlink:to="label_OtherInformationAboutShareAcquisitionRightsHeading" />
    <link:label xlink:type="resource" xlink:label="label_OtherInformationAboutShareAcquisitionRightsHeading_2" xml:lang="en" xlink:role="http://www.xbrl.org/2003/role/verboseLabel" id="label_OtherInformationAboutShareAcquisitionRightsHeading_2">Other information about share acquisition rights [heading]</link:label>
    <link:labelArc xlink:type="arc" xlink:arcrole="http://www.xbrl.org/2003/arcrole/concept-label" xlink:from="OtherInformationAboutShareAcquisitionRightsHeading" xlink:to="label_OtherInformationAboutShareAcquisitionRightsHeading_2" />
    <link:label xlink:type="resource" xlink:label="label_OtherInformationAboutShareAcquisitionRightsTextBlock" xml:lang="en" xlink:role="http://www.xbrl.org/2003/role/label" id="label_OtherInformationAboutShareAcquisitionRightsTextBlock">Other information about share acquisition rights</link:label>
    <link:labelArc xlink:type="arc" xlink:arcrole="http://www.xbrl.org/2003/arcrole/concept-label" xlink:from="OtherInformationAboutShareAcquisitionRightsTextBlock" xlink:to="label_OtherInformationAboutShareAcquisitionRightsTextBlock" />
    <link:label xlink:type="resource" xlink:label="label_OtherInformationAboutShareAcquisitionRightsTextBlock_2" xml:lang="en" xlink:role="http://www.xbrl.org/2003/role/verboseLabel" id="label_OtherInformationAboutShareAcquisitionRightsTextBlock_2">Other information about share acquisition rights [text block]</link:label>
    <link:labelArc xlink:type="arc" xlink:arcrole="http://www.xbrl.org/2003/arcrole/concept-label" xlink:from="OtherInformationAboutShareAcquisitionRightsTextBlock" xlink:to="label_OtherInformationAboutShareAcquisitionRightsTextBlock_2" />
    <link:label xlink:type="resource" xlink:label="label_OverviewOfCorporateGovernanceTextBlock" xml:lang="en" xlink:role="http://www.xbrl.org/2003/role/label" id="label_OverviewOfCorporateGovernanceTextBlock">Overview of corporate governance</link:label>
    <link:labelArc xlink:type="arc" xlink:arcrole="http://www.xbrl.org/2003/arcrole/concept-label" xlink:from="OverviewOfCorporateGovernanceTextBlock" xlink:to="label_OverviewOfCorporateGovernanceTextBlock" />
    <link:label xlink:type="resource" xlink:label="label_OverviewOfCorporateGovernanceTextBlock_2" xml:lang="en" xlink:role="http://www.xbrl.org/2003/role/verboseLabel" id="label_OverviewOfCorporateGovernanceTextBlock_2">Overview of corporate governance [text block]</link:label>
    <link:labelArc xlink:type="arc" xlink:arcrole="http://www.xbrl.org/2003/arcrole/concept-label" xlink:from="OverviewOfCorporateGovernanceTextBlock" xlink:to="label_OverviewOfCorporateGovernanceTextBlock_2" />
    <link:label xlink:type="resource" xlink:label="label_OutsideDirectorsAndOutsideCorporateAuditorsInformationAboutDirectorsAndOtherOfficersTextBlock" xml:lang="en" xlink:role="http://www.xbrl.org/2003/role/label" id="label_OutsideDirectorsAndOutsideCorporateAuditorsInformationAboutDirectorsAndOtherOfficersTextBlock">Outside directors (and outside corporate auditors)</link:label>
    <link:labelArc xlink:type="arc" xlink:arcrole="http://www.xbrl.org/2003/arcrole/concept-label" xlink:from="OutsideDirectorsAndOutsideCorporateAuditorsInformationAboutDirectorsAndOtherOfficersTextBlock" xlink:to="label_OutsideDirectorsAndOutsideCorporateAuditorsInformationAboutDirectorsAndOtherOfficersTextBlock" />
    <link:label xlink:type="resource" xlink:label="label_OutsideDirectorsAndOutsideCorporateAuditorsInformationAboutDirectorsAndOtherOfficersTextBlock_2" xml:lang="en" xlink:role="http://www.xbrl.org/2003/role/verboseLabel" id="label_OutsideDirectorsAndOutsideCorporateAuditorsInformationAboutDirectorsAndOtherOfficersTextBlock_2">Outside directors (and outside corporate auditors), Information about directors (and other officers) [text block]</link:label>
    <link:labelArc xlink:type="arc" xlink:arcrole="http://www.xbrl.org/2003/arcrole/concept-label" xlink:from="OutsideDirectorsAndOutsideCorporateAuditorsInformationAboutDirectorsAndOtherOfficersTextBlock" xlink:to="label_OutsideDirectorsAndOutsideCorporateAuditorsInformationAboutDirectorsAndOtherOfficersTextBlock_2" />
    <link:label xlink:type="resource" xlink:label="label_InformationAboutAuditsTextBlock" xml:lang="en" xlink:role="http://www.xbrl.org/2003/role/label" id="label_InformationAboutAuditsTextBlock">Information about audits</link:label>
    <link:labelArc xlink:type="arc" xlink:arcrole="http://www.xbrl.org/2003/arcrole/concept-label" xlink:from="InformationAboutAuditsTextBlock" xlink:to="label_InformationAboutAuditsTextBlock" />
    <link:label xlink:type="resource" xlink:label="label_InformationAboutAuditsTextBlock_2" xml:lang="en" xlink:role="http://www.xbrl.org/2003/role/verboseLabel" id="label_InformationAboutAuditsTextBlock_2">Information about audits [text block]</link:label>
    <link:labelArc xlink:type="arc" xlink:arcrole="http://www.xbrl.org/2003/arcrole/concept-label" xlink:from="InformationAboutAuditsTextBlock" xlink:to="label_InformationAboutAuditsTextBlock_2" />
    <link:label xlink:type="resource" xlink:label="label_RemunerationForDirectorsAndOtherOfficersTextBlock" xml:lang="en" xlink:role="http://www.xbrl.org/2003/role/label" id="label_RemunerationForDirectorsAndOtherOfficersTextBlock">Remuneration for directors (and other officers)</link:label>
    <link:labelArc xlink:type="arc" xlink:arcrole="http://www.xbrl.org/2003/arcrole/concept-label" xlink:from="RemunerationForDirectorsAndOtherOfficersTextBlock" xlink:to="label_RemunerationForDirectorsAndOtherOfficersTextBlock" />
    <link:label xlink:type="resource" xlink:label="label_RemunerationForDirectorsAndOtherOfficersTextBlock_2" xml:lang="en" xlink:role="http://www.xbrl.org/2003/role/verboseLabel" id="label_RemunerationForDirectorsAndOtherOfficersTextBlock_2">Remuneration for directors (and other officers) [text block]</link:label>
    <link:labelArc xlink:type="arc" xlink:arcrole="http://www.xbrl.org/2003/arcrole/concept-label" xlink:from="RemunerationForDirectorsAndOtherOfficersTextBlock" xlink:to="label_RemunerationForDirectorsAndOtherOfficersTextBlock_2" />
    <link:label xlink:type="resource" xlink:label="label_EquitySecuritiesHeldTextBlock" xml:lang="en" xlink:role="http://www.xbrl.org/2003/role/label" id="label_EquitySecuritiesHeldTextBlock">Equity securities held</link:label>
    <link:labelArc xlink:type="arc" xlink:arcrole="http://www.xbrl.org/2003/arcrole/concept-label" xlink:from="EquitySecuritiesHeldTextBlock" xlink:to="label_EquitySecuritiesHeldTextBlock" />
    <link:label xlink:type="resource" xlink:label="label_EquitySecuritiesHeldTextBlock_2" xml:lang="en" xlink:role="http://www.xbrl.org/2003/role/verboseLabel" id="label_EquitySecuritiesHeldTextBlock_2">Equity securities held [text block]</link:label>
    <link:labelArc xlink:type="arc" xlink:arcrole="http://www.xbrl.org/2003/arcrole/concept-label" xlink:from="EquitySecuritiesHeldTextBlock" xlink:to="label_EquitySecuritiesHeldTextBlock_2" />
    <link:label xlink:type="resource" xlink:label="label_OverviewOfCorporateGovernanceHeading" xml:lang="en" xlink:role="http://www.xbrl.org/2003/role/label" id="label_OverviewOfCorporateGovernanceHeading">Overview of corporate governance</link:label>
    <link:labelArc xlink:type="arc" xlink:arcrole="http://www.xbrl.org/2003/arcrole/concept-label" xlink:from="OverviewOfCorporateGovernanceHeading" xlink:to="label_OverviewOfCorporateGovernanceHeading" />
    <link:label xlink:type="resource" xlink:label="label_OverviewOfCorporateGovernanceHeading_2" xml:lang="en" xlink:role="http://www.xbrl.org/2003/role/verboseLabel" id="label_OverviewOfCorporateGovernanceHeading_2">Overview of corporate governance [heading]</link:label>
    <link:labelArc xlink:type="arc" xlink:arcrole="http://www.xbrl.org/2003/arcrole/concept-label" xlink:from="OverviewOfCorporateGovernanceHeading" xlink:to="label_OverviewOfCorporateGovernanceHeading_2" />
    <link:label xlink:type="resource" xlink:label="label_InformationAboutAuditsHeading" xml:lang="en" xlink:role="http://www.xbrl.org/2003/role/label" id="label_InformationAboutAuditsHeading">Information about audits</link:label>
    <link:labelArc xlink:type="arc" xlink:arcrole="http://www.xbrl.org/2003/arcrole/concept-label" xlink:from="InformationAboutAuditsHeading" xlink:to="label_InformationAboutAuditsHeading" />
    <link:label xlink:type="resource" xlink:label="label_InformationAboutAuditsHeading_2" xml:lang="en" xlink:role="http://www.xbrl.org/2003/role/verboseLabel" id="label_InformationAboutAuditsHeading_2">Information about audits [heading]</link:label>
    <link:labelArc xlink:type="arc" xlink:arcrole="http://www.xbrl.org/2003/arcrole/concept-label" xlink:from="InformationAboutAuditsHeading" xlink:to="label_InformationAboutAuditsHeading_2" />
    <link:label xlink:type="resource" xlink:label="label_EquitySecuritiesHeldHeading" xml:lang="en" xlink:role="http://www.xbrl.org/2003/role/label" id="label_EquitySecuritiesHeldHeading">Equity securities held</link:label>
    <link:labelArc xlink:type="arc" xlink:arcrole="http://www.xbrl.org/2003/arcrole/concept-label" xlink:from="EquitySecuritiesHeldHeading" xlink:to="label_EquitySecuritiesHeldHeading" />
    <link:label xlink:type="resource" xlink:label="label_EquitySecuritiesHeldHeading_2" xml:lang="en" xlink:role="http://www.xbrl.org/2003/role/verboseLabel" id="label_EquitySecuritiesHeldHeading_2">Equity securities held [heading]</link:label>
    <link:labelArc xlink:type="arc" xlink:arcrole="http://www.xbrl.org/2003/arcrole/concept-label" xlink:from="EquitySecuritiesHeldHeading" xlink:to="label_EquitySecuritiesHeldHeading_2" />
    <link:label xlink:type="resource" xlink:label="label_RemunerationForDirectorsAndOtherOfficersHeading" xml:lang="en" xlink:role="http://www.xbrl.org/2003/role/label" id="label_RemunerationForDirectorsAndOtherOfficersHeading">Remuneration for directors (and other officers)</link:label>
    <link:labelArc xlink:type="arc" xlink:arcrole="http://www.xbrl.org/2003/arcrole/concept-label" xlink:from="RemunerationForDirectorsAndOtherOfficersHeading" xlink:to="label_RemunerationForDirectorsAndOtherOfficersHeading" />
    <link:label xlink:type="resource" xlink:label="label_RemunerationForDirectorsAndOtherOfficersHeading_2" xml:lang="en" xlink:role="http://www.xbrl.org/2003/role/verboseLabel" id="label_RemunerationForDirectorsAndOtherOfficersHeading_2">Remuneration for directors (and other officers) [heading]</link:label>
    <link:labelArc xlink:type="arc" xlink:arcrole="http://www.xbrl.org/2003/arcrole/concept-label" xlink:from="RemunerationForDirectorsAndOtherOfficersHeading" xlink:to="label_RemunerationForDirectorsAndOtherOfficersHeading_2" />
    <link:label xlink:type="resource" xlink:label="label_OfficialTitleOrPositionInformationAboutDirectorsAndCorporateAuditors" xml:lang="en" xlink:role="http://www.xbrl.org/2003/role/label" id="label_OfficialTitleOrPositionInformationAboutDirectorsAndCorporateAuditors">Official title or position</link:label>
    <link:labelArc xlink:type="arc" xlink:arcrole="http://www.xbrl.org/2003/arcrole/concept-label" xlink:from="OfficialTitleOrPositionInformationAboutDirectorsAndCorporateAuditors" xlink:to="label_OfficialTitleOrPositionInformationAboutDirectorsAndCorporateAuditors" />
    <link:label xlink:type="resource" xlink:label="label_OfficialTitleOrPositionInformationAboutDirectorsAndCorporateAuditors_2" xml:lang="en" xlink:role="http://www.xbrl.org/2003/role/verboseLabel" id="label_OfficialTitleOrPositionInformationAboutDirectorsAndCorporateAuditors_2">Official title or position, Information about directors (and corporate auditors)</link:label>
    <link:labelArc xlink:type="arc" xlink:arcrole="http://www.xbrl.org/2003/arcrole/concept-label" xlink:from="OfficialTitleOrPositionInformationAboutDirectorsAndCorporateAuditors" xlink:to="label_OfficialTitleOrPositionInformationAboutDirectorsAndCorporateAuditors_2" />
    <link:label xlink:type="resource" xlink:label="label_YamanakaNorifumiMember" xml:lang="en" xlink:role="http://www.xbrl.org/2003/role/verboseLabel" id="label_YamanakaNorifumiMember">Yamanaka Norifumi [member]</link:label>
    <link:labelArc xlink:type="arc" xlink:arcrole="http://www.xbrl.org/2003/arcrole/concept-label" xlink:from="YamanakaNorifumiMember" xlink:to="label_YamanakaNorifumiMember" />
    <link:label xlink:type="resource" xlink:label="label_YamanakaNorifumiMember_2" xml:lang="en" xlink:role="http://www.xbrl.org/2003/role/label" id="label_YamanakaNorifumiMember_2">Yamanaka Norifumi</link:label>
    <link:labelArc xlink:type="arc" xlink:arcrole="http://www.xbrl.org/2003/arcrole/concept-label" xlink:from="YamanakaNorifumiMember" xlink:to="label_YamanakaNorifumiMember_2" />
    <link:label xlink:type="resource" xlink:label="label_TounoShinobuMember" xml:lang="en" xlink:role="http://www.xbrl.org/2003/role/verboseLabel" id="label_TounoShinobuMember">Touno Shinobu [member]</link:label>
    <link:labelArc xlink:type="arc" xlink:arcrole="http://www.xbrl.org/2003/arcrole/concept-label" xlink:from="TounoShinobuMember" xlink:to="label_TounoShinobuMember" />
    <link:label xlink:type="resource" xlink:label="label_TounoShinobuMember_2" xml:lang="en" xlink:role="http://www.xbrl.org/2003/role/label" id="label_TounoShinobuMember_2">Touno Shinobu</link:label>
    <link:labelArc xlink:type="arc" xlink:arcrole="http://www.xbrl.org/2003/arcrole/concept-label" xlink:from="TounoShinobuMember" xlink:to="label_TounoShinobuMember_2" />
    <link:label xlink:type="resource" xlink:label="label_TakedaHitoshiMember" xml:lang="en" xlink:role="http://www.xbrl.org/2003/role/verboseLabel" id="label_TakedaHitoshiMember">Takeda Hitoshi [member]</link:label>
    <link:labelArc xlink:type="arc" xlink:arcrole="http://www.xbrl.org/2003/arcrole/concept-label" xlink:from="TakedaHitoshiMember" xlink:to="label_TakedaHitoshiMember" />
    <link:label xlink:type="resource" xlink:label="label_TakedaHitoshiMember_2" xml:lang="en" xlink:role="http://www.xbrl.org/2003/role/label" id="label_TakedaHitoshiMember_2">Takeda Hitoshi</link:label>
    <link:labelArc xlink:type="arc" xlink:arcrole="http://www.xbrl.org/2003/arcrole/concept-label" xlink:from="TakedaHitoshiMember" xlink:to="label_TakedaHitoshiMember_2" />
    <link:label xlink:type="resource" xlink:label="label_SuzumuraTatenaoMember" xml:lang="en" xlink:role="http://www.xbrl.org/2003/role/verboseLabel" id="label_SuzumuraTatenaoMember">Suzumura Tatenao [member]</link:label>
    <link:labelArc xlink:type="arc" xlink:arcrole="http://www.xbrl.org/2003/arcrole/concept-label" xlink:from="SuzumuraTatenaoMember" xlink:to="label_SuzumuraTatenaoMember" />
    <link:label xlink:type="resource" xlink:label="label_SuzumuraTatenaoMember_2" xml:lang="en" xlink:role="http://www.xbrl.org/2003/role/label" id="label_SuzumuraTatenaoMember_2">Suzumura Tatenao</link:label>
    <link:labelArc xlink:type="arc" xlink:arcrole="http://www.xbrl.org/2003/arcrole/concept-label" xlink:from="SuzumuraTatenaoMember" xlink:to="label_SuzumuraTatenaoMember_2" />
    <link:label xlink:type="resource" xlink:label="label_MitaniTadashiMember" xml:lang="en" xlink:role="http://www.xbrl.org/2003/role/verboseLabel" id="label_MitaniTadashiMember">Mitani Tadashi [member]</link:label>
    <link:labelArc xlink:type="arc" xlink:arcrole="http://www.xbrl.org/2003/arcrole/concept-label" xlink:from="MitaniTadashiMember" xlink:to="label_MitaniTadashiMember" />
    <link:label xlink:type="resource" xlink:label="label_MitaniTadashiMember_2" xml:lang="en" xlink:role="http://www.xbrl.org/2003/role/label" id="label_MitaniTadashiMember_2">Mitani Tadashi</link:label>
    <link:labelArc xlink:type="arc" xlink:arcrole="http://www.xbrl.org/2003/arcrole/concept-label" xlink:from="MitaniTadashiMember" xlink:to="label_MitaniTadashiMember_2" />
    <link:label xlink:type="resource" xlink:label="label_NiimiShikajirouMember" xml:lang="en" xlink:role="http://www.xbrl.org/2003/role/verboseLabel" id="label_NiimiShikajirouMember">Niimi Shikajirou [member]</link:label>
    <link:labelArc xlink:type="arc" xlink:arcrole="http://www.xbrl.org/2003/arcrole/concept-label" xlink:from="NiimiShikajirouMember" xlink:to="label_NiimiShikajirouMember" />
    <link:label xlink:type="resource" xlink:label="label_NiimiShikajirouMember_2" xml:lang="en" xlink:role="http://www.xbrl.org/2003/role/label" id="label_NiimiShikajirouMember_2">Niimi Shikajirou</link:label>
    <link:labelArc xlink:type="arc" xlink:arcrole="http://www.xbrl.org/2003/arcrole/concept-label" xlink:from="NiimiShikajirouMember" xlink:to="label_NiimiShikajirouMember_2" />
    <link:label xlink:type="resource" xlink:label="label_KimuraManabuMember" xml:lang="en" xlink:role="http://www.xbrl.org/2003/role/verboseLabel" id="label_KimuraManabuMember">Kimura Manabu [member]</link:label>
    <link:labelArc xlink:type="arc" xlink:arcrole="http://www.xbrl.org/2003/arcrole/concept-label" xlink:from="KimuraManabuMember" xlink:to="label_KimuraManabuMember" />
    <link:label xlink:type="resource" xlink:label="label_KimuraManabuMember_2" xml:lang="en" xlink:role="http://www.xbrl.org/2003/role/label" id="label_KimuraManabuMember_2">Kimura Manabu</link:label>
    <link:labelArc xlink:type="arc" xlink:arcrole="http://www.xbrl.org/2003/arcrole/concept-label" xlink:from="KimuraManabuMember" xlink:to="label_KimuraManabuMember_2" />
    <link:label xlink:type="resource" xlink:label="label_MaekawaKunihikoMember" xml:lang="en" xlink:role="http://www.xbrl.org/2003/role/verboseLabel" id="label_MaekawaKunihikoMember">Maekawa Kunihiko [member]</link:label>
    <link:labelArc xlink:type="arc" xlink:arcrole="http://www.xbrl.org/2003/arcrole/concept-label" xlink:from="MaekawaKunihikoMember" xlink:to="label_MaekawaKunihikoMember" />
    <link:label xlink:type="resource" xlink:label="label_MaekawaKunihikoMember_2" xml:lang="en" xlink:role="http://www.xbrl.org/2003/role/label" id="label_MaekawaKunihikoMember_2">Maekawa Kunihiko</link:label>
    <link:labelArc xlink:type="arc" xlink:arcrole="http://www.xbrl.org/2003/arcrole/concept-label" xlink:from="MaekawaKunihikoMember" xlink:to="label_MaekawaKunihikoMember_2" />
    <link:label xlink:type="resource" xlink:label="label_OkadaYoshitakaMember" xml:lang="en" xlink:role="http://www.xbrl.org/2003/role/verboseLabel" id="label_OkadaYoshitakaMember">Okada Yoshitaka [member]</link:label>
    <link:labelArc xlink:type="arc" xlink:arcrole="http://www.xbrl.org/2003/arcrole/concept-label" xlink:from="OkadaYoshitakaMember" xlink:to="label_OkadaYoshitakaMember" />
    <link:label xlink:type="resource" xlink:label="label_OkadaYoshitakaMember_2" xml:lang="en" xlink:role="http://www.xbrl.org/2003/role/label" id="label_OkadaYoshitakaMember_2">Okada Yoshitaka</link:label>
    <link:labelArc xlink:type="arc" xlink:arcrole="http://www.xbrl.org/2003/arcrole/concept-label" xlink:from="OkadaYoshitakaMember" xlink:to="label_OkadaYoshitakaMember_2" />
    <link:label xlink:type="resource" xlink:label="label_NakajimaFumitakaMember" xml:lang="en" xlink:role="http://www.xbrl.org/2003/role/verboseLabel" id="label_NakajimaFumitakaMember">Nakajima Fumitaka [member]</link:label>
    <link:labelArc xlink:type="arc" xlink:arcrole="http://www.xbrl.org/2003/arcrole/concept-label" xlink:from="NakajimaFumitakaMember" xlink:to="label_NakajimaFumitakaMember" />
    <link:label xlink:type="resource" xlink:label="label_NakajimaFumitakaMember_2" xml:lang="en" xlink:role="http://www.xbrl.org/2003/role/label" id="label_NakajimaFumitakaMember_2">Nakajima Fumitaka</link:label>
    <link:labelArc xlink:type="arc" xlink:arcrole="http://www.xbrl.org/2003/arcrole/concept-label" xlink:from="NakajimaFumitakaMember" xlink:to="label_NakajimaFumitakaMember_2" />
    <link:label xlink:type="resource" xlink:label="label_SakaiHirooMember" xml:lang="en" xlink:role="http://www.xbrl.org/2003/role/verboseLabel" id="label_SakaiHirooMember">Sakai Hiroo [member]</link:label>
    <link:labelArc xlink:type="arc" xlink:arcrole="http://www.xbrl.org/2003/arcrole/concept-label" xlink:from="SakaiHirooMember" xlink:to="label_SakaiHirooMember" />
    <link:label xlink:type="resource" xlink:label="label_SakaiHirooMember_2" xml:lang="en" xlink:role="http://www.xbrl.org/2003/role/label" id="label_SakaiHirooMember_2">Sakai Hiroo</link:label>
    <link:labelArc xlink:type="arc" xlink:arcrole="http://www.xbrl.org/2003/arcrole/concept-label" xlink:from="SakaiHirooMember" xlink:to="label_SakaiHirooMember_2" />
    <link:label xlink:type="resource" xlink:label="label_AsanoNobuyukiMember" xml:lang="en" xlink:role="http://www.xbrl.org/2003/role/verboseLabel" id="label_AsanoNobuyukiMember">Asano Nobuyuki [member]</link:label>
    <link:labelArc xlink:type="arc" xlink:arcrole="http://www.xbrl.org/2003/arcrole/concept-label" xlink:from="AsanoNobuyukiMember" xlink:to="label_AsanoNobuyukiMember" />
    <link:label xlink:type="resource" xlink:label="label_AsanoNobuyukiMember_2" xml:lang="en" xlink:role="http://www.xbrl.org/2003/role/label" id="label_AsanoNobuyukiMember_2">Asano Nobuyuki</link:label>
    <link:labelArc xlink:type="arc" xlink:arcrole="http://www.xbrl.org/2003/arcrole/concept-label" xlink:from="AsanoNobuyukiMember" xlink:to="label_AsanoNobuyukiMember_2" />
    <link:label xlink:type="resource" xlink:label="label_NakayasuHiroshiMember" xml:lang="en" xlink:role="http://www.xbrl.org/2003/role/verboseLabel" id="label_NakayasuHiroshiMember">Nakayasu Hiroshi [member]</link:label>
    <link:labelArc xlink:type="arc" xlink:arcrole="http://www.xbrl.org/2003/arcrole/concept-label" xlink:from="NakayasuHiroshiMember" xlink:to="label_NakayasuHiroshiMember" />
    <link:label xlink:type="resource" xlink:label="label_NakayasuHiroshiMember_2" xml:lang="en" xlink:role="http://www.xbrl.org/2003/role/label" id="label_NakayasuHiroshiMember_2">Nakayasu Hiroshi</link:label>
    <link:labelArc xlink:type="arc" xlink:arcrole="http://www.xbrl.org/2003/arcrole/concept-label" xlink:from="NakayasuHiroshiMember" xlink:to="label_NakayasuHiroshiMember_2" />
    <link:label xlink:type="resource" xlink:label="label_HiharaToshikazuMember" xml:lang="en" xlink:role="http://www.xbrl.org/2003/role/verboseLabel" id="label_HiharaToshikazuMember">Hihara Toshikazu [member]</link:label>
    <link:labelArc xlink:type="arc" xlink:arcrole="http://www.xbrl.org/2003/arcrole/concept-label" xlink:from="HiharaToshikazuMember" xlink:to="label_HiharaToshikazuMember" />
    <link:label xlink:type="resource" xlink:label="label_HiharaToshikazuMember_2" xml:lang="en" xlink:role="http://www.xbrl.org/2003/role/label" id="label_HiharaToshikazuMember_2">Hihara Toshikazu</link:label>
    <link:labelArc xlink:type="arc" xlink:arcrole="http://www.xbrl.org/2003/arcrole/concept-label" xlink:from="HiharaToshikazuMember" xlink:to="label_HiharaToshikazuMember_2" />
    <link:label xlink:type="resource" xlink:label="label_ShogakiTatsuoMember" xml:lang="en" xlink:role="http://www.xbrl.org/2003/role/verboseLabel" id="label_ShogakiTatsuoMember">Shogaki Tatsuo [member]</link:label>
    <link:labelArc xlink:type="arc" xlink:arcrole="http://www.xbrl.org/2003/arcrole/concept-label" xlink:from="ShogakiTatsuoMember" xlink:to="label_ShogakiTatsuoMember" />
    <link:label xlink:type="resource" xlink:label="label_ShogakiTatsuoMember_2" xml:lang="en" xlink:role="http://www.xbrl.org/2003/role/label" id="label_ShogakiTatsuoMember_2">Shogaki Tatsuo</link:label>
    <link:labelArc xlink:type="arc" xlink:arcrole="http://www.xbrl.org/2003/arcrole/concept-label" xlink:from="ShogakiTatsuoMember" xlink:to="label_ShogakiTatsuoMember_2" />
  </link:labelLink>
</link:linkbase>