<?xml version="1.0" encoding="utf-8"?>
<!-- Generated by PRONEXUS WORKS -->
<link:linkbase xmlns:link="http://www.xbrl.org/2003/linkbase" xmlns:xsi="http://www.w3.org/2001/XMLSchema-instance" xmlns:xbrli="http://www.xbrl.org/2003/instance" xmlns:xlink="http://www.w3.org/1999/xlink">
  <link:labelLink xlink:type="extended" xlink:role="http://www.xbrl.org/2003/role/link">
    <link:loc xlink:type="locator" xlink:href="jpcrp030000-asr-001_E03717-000_2019-03-31_01_2019-06-28.xsd#jpcrp030000-asr_E03717-000_InformationAboutEmployeesOfReportingCompanyTable" xlink:label="InformationAboutEmployeesOfReportingCompanyTable" />
    <link:loc xlink:type="locator" xlink:href="jpcrp030000-asr-001_E03717-000_2019-03-31_01_2019-06-28.xsd#jpcrp030000-asr_E03717-000_InformationAboutEmployeesOfReportingCompanyLineItems" xlink:label="InformationAboutEmployeesOfReportingCompanyLineItems" />
    <link:loc xlink:type="locator" xlink:href="jpcrp030000-asr-001_E03717-000_2019-03-31_01_2019-06-28.xsd#jpcrp030000-asr_E03717-000_IncreaseDecreaseInAccountsPayableOpeCF" xlink:label="IncreaseDecreaseInAccountsPayableOpeCF" />
    <link:loc xlink:type="locator" xlink:href="jpcrp030000-asr-001_E03717-000_2019-03-31_01_2019-06-28.xsd#jpcrp030000-asr_E03717-000_DecreaseIncreaseInMarginCustomerOpeCF" xlink:label="DecreaseIncreaseInMarginCustomerOpeCF" />
    <link:loc xlink:type="locator" xlink:href="jpcrp030000-asr-001_E03717-000_2019-03-31_01_2019-06-28.xsd#jpcrp030000-asr_E03717-000_IncreaseDecreaseInCustomersDepositsSubstituteSecuritiesOpeCF" xlink:label="IncreaseDecreaseInCustomersDepositsSubstituteSecuritiesOpeCF" />
    <link:loc xlink:type="locator" xlink:href="jpcrp030000-asr-001_E03717-000_2019-03-31_01_2019-06-28.xsd#jpcrp030000-asr_E03717-000_TelecommunicationsExpensesSGA" xlink:label="TelecommunicationsExpensesSGA" />
    <link:loc xlink:type="locator" xlink:href="jpcrp030000-asr-001_E03717-000_2019-03-31_01_2019-06-28.xsd#jpcrp030000-asr_E03717-000_EquipmentExpensesSGA" xlink:label="EquipmentExpensesSGA" />
    <link:loc xlink:type="locator" xlink:href="jpcrp030000-asr-001_E03717-000_2019-03-31_01_2019-06-28.xsd#jpcrp030000-asr_E03717-000_LitigationExpensesSGA" xlink:label="LitigationExpensesSGA" />
    <link:loc xlink:type="locator" xlink:href="jpcrp030000-asr-001_E03717-000_2019-03-31_01_2019-06-28.xsd#jpcrp030000-asr_E03717-000_WarehouseCertificateChargesForCustodyNOI" xlink:label="WarehouseCertificateChargesForCustodyNOI" />
    <link:loc xlink:type="locator" xlink:href="jpcrp030000-asr-001_E03717-000_2019-03-31_01_2019-06-28.xsd#jpcrp030000-asr_E03717-000_LeaseDepositsDepreciationNOE" xlink:label="LeaseDepositsDepreciationNOE" />
    <link:loc xlink:type="locator" xlink:href="jpcrp030000-asr-001_E03717-000_2019-03-31_01_2019-06-28.xsd#jpcrp030000-asr_E03717-000_MarginCustomerCA" xlink:label="MarginCustomerCA" />
    <link:loc xlink:type="locator" xlink:href="jpcrp030000-asr-001_E03717-000_2019-03-31_01_2019-06-28.xsd#jpcrp030000-asr_E03717-000_NotesRegardingAccountsReceivableCustomerAndBadDebtsTextBlock" xlink:label="NotesRegardingAccountsReceivableCustomerAndBadDebtsTextBlock" />
    <link:loc xlink:type="locator" xlink:href="jpcrp030000-asr-001_E03717-000_2019-03-31_01_2019-06-28.xsd#jpcrp030000-asr_E03717-000_NotesRegardingClaimsProvableInBankruptcyClaimsProvableInRehabilitationAndOtherTextBlock" xlink:label="NotesRegardingClaimsProvableInBankruptcyClaimsProvableInRehabilitationAndOtherTextBlock" />
    <link:loc xlink:type="locator" xlink:href="jpcrp030000-asr-001_E03717-000_2019-03-31_01_2019-06-28.xsd#jpcrp030000-asr_E03717-000_BrokerageIncomeOperatingRevenueSummaryOfBusinessResults" xlink:label="BrokerageIncomeOperatingRevenueSummaryOfBusinessResults" />
    <link:loc xlink:type="locator" xlink:href="jpcrp030000-asr-001_E03717-000_2019-03-31_01_2019-06-28.xsd#jpcrp030000-asr_E03717-000_RestatementEquityToAssetRatioEquityToAssetRatioSummaryOfBusinessResults" xlink:label="RestatementEquityToAssetRatioEquityToAssetRatioSummaryOfBusinessResults" />
    <link:loc xlink:type="locator" xlink:href="jpcrp030000-asr-001_E03717-000_2019-03-31_01_2019-06-28.xsd#jpcrp030000-asr_E03717-000_MeasuresForConsignorAssetsPreservationRatioSummaryOfBusinessResults" xlink:label="MeasuresForConsignorAssetsPreservationRatioSummaryOfBusinessResults" />
    <link:loc xlink:type="locator" xlink:href="jpcrp030000-asr-001_E03717-000_2019-03-31_01_2019-06-28.xsd#jpcrp030000-asr_E03717-000_NetAssetsRegulationRatioSummaryOfBusinessResults" xlink:label="NetAssetsRegulationRatioSummaryOfBusinessResults" />
    <link:loc xlink:type="locator" xlink:href="jpcrp030000-asr-001_E03717-000_2019-03-31_01_2019-06-28.xsd#jpcrp030000-asr_E03717-000_ManagementAnalysisOfFinancialPositionOperatingResultsAndCashFlowsHeading" xlink:label="ManagementAnalysisOfFinancialPositionOperatingResultsAndCashFlowsHeading" />
    <link:loc xlink:type="locator" xlink:href="jpcrp030000-asr-001_E03717-000_2019-03-31_01_2019-06-28.xsd#jpcrp030000-asr_E03717-000_ManagementAnalysisOfFinancialPositionOperatingResultsAndCashFlowsTextBlock" xlink:label="ManagementAnalysisOfFinancialPositionOperatingResultsAndCashFlowsTextBlock" />
    <link:loc xlink:type="locator" xlink:href="jpcrp030000-asr-001_E03717-000_2019-03-31_01_2019-06-28.xsd#jpcrp030000-asr_E03717-000_AnalysisAndResponsesToSignificantEventsRelatedToGoingConcernRisksEtcTextBlock" xlink:label="AnalysisAndResponsesToSignificantEventsRelatedToGoingConcernRisksEtcTextBlock" />
    <link:loc xlink:type="locator" xlink:href="jpcrp030000-asr-001_E03717-000_2019-03-31_01_2019-06-28.xsd#jpcrp030000-asr_E03717-000_OtherInformationAboutShareAcquisitionRightsHeading" xlink:label="OtherInformationAboutShareAcquisitionRightsHeading" />
    <link:loc xlink:type="locator" xlink:href="jpcrp030000-asr-001_E03717-000_2019-03-31_01_2019-06-28.xsd#jpcrp030000-asr_E03717-000_OtherInformationAboutShareAcquisitionRightsTextBlock" xlink:label="OtherInformationAboutShareAcquisitionRightsTextBlock" />
    <link:loc xlink:type="locator" xlink:href="jpcrp030000-asr-001_E03717-000_2019-03-31_01_2019-06-28.xsd#jpcrp030000-asr_E03717-000_OverviewOfCorporateGovernanceHeading" xlink:label="OverviewOfCorporateGovernanceHeading" />
    <link:loc xlink:type="locator" xlink:href="jpcrp030000-asr-001_E03717-000_2019-03-31_01_2019-06-28.xsd#jpcrp030000-asr_E03717-000_OverviewOfCorporateGovernanceTextBlock" xlink:label="OverviewOfCorporateGovernanceTextBlock" />
    <link:loc xlink:type="locator" xlink:href="jpcrp030000-asr-001_E03717-000_2019-03-31_01_2019-06-28.xsd#jpcrp030000-asr_E03717-000_OutsideDirectorsAndOutsideCorporateAuditorsInformationAboutDirectorsAndOtherOfficersTextBlock" xlink:label="OutsideDirectorsAndOutsideCorporateAuditorsInformationAboutDirectorsAndOtherOfficersTextBlock" />
    <link:loc xlink:type="locator" xlink:href="jpcrp030000-asr-001_E03717-000_2019-03-31_01_2019-06-28.xsd#jpcrp030000-asr_E03717-000_InformationAboutAuditsHeading" xlink:label="InformationAboutAuditsHeading" />
    <link:loc xlink:type="locator" xlink:href="jpcrp030000-asr-001_E03717-000_2019-03-31_01_2019-06-28.xsd#jpcrp030000-asr_E03717-000_InformationAboutAuditsTextBlock" xlink:label="InformationAboutAuditsTextBlock" />
    <link:loc xlink:type="locator" xlink:href="jpcrp030000-asr-001_E03717-000_2019-03-31_01_2019-06-28.xsd#jpcrp030000-asr_E03717-000_RemunerationForDirectorsAndOtherOfficersHeading" xlink:label="RemunerationForDirectorsAndOtherOfficersHeading" />
    <link:loc xlink:type="locator" xlink:href="jpcrp030000-asr-001_E03717-000_2019-03-31_01_2019-06-28.xsd#jpcrp030000-asr_E03717-000_RemunerationForDirectorsAndOtherOfficersTextBlock" xlink:label="RemunerationForDirectorsAndOtherOfficersTextBlock" />
    <link:loc xlink:type="locator" xlink:href="jpcrp030000-asr-001_E03717-000_2019-03-31_01_2019-06-28.xsd#jpcrp030000-asr_E03717-000_EquitySecuritiesHeldHeading" xlink:label="EquitySecuritiesHeldHeading" />
    <link:loc xlink:type="locator" xlink:href="jpcrp030000-asr-001_E03717-000_2019-03-31_01_2019-06-28.xsd#jpcrp030000-asr_E03717-000_EquitySecuritiesHeldTextBlock" xlink:label="EquitySecuritiesHeldTextBlock" />
    <link:loc xlink:type="locator" xlink:href="jpcrp030000-asr-001_E03717-000_2019-03-31_01_2019-06-28.xsd#jpcrp030000-asr_E03717-000_TotalShareholderReturn" xlink:label="TotalShareholderReturn" />
    <link:loc xlink:type="locator" xlink:href="jpcrp030000-asr-001_E03717-000_2019-03-31_01_2019-06-28.xsd#jpcrp030000-asr_E03717-000_TotalReturnOnSharePriceIndex" xlink:label="TotalReturnOnSharePriceIndex" />
    <link:loc xlink:type="locator" xlink:href="jpcrp030000-asr-001_E03717-000_2019-03-31_01_2019-06-28.xsd#jpcrp030000-asr_E03717-000_OfficialTitleOrPositionInformationAboutDirectorsAndCorporateAuditors" xlink:label="OfficialTitleOrPositionInformationAboutDirectorsAndCorporateAuditors" />
    <link:loc xlink:type="locator" xlink:href="jpcrp030000-asr-001_E03717-000_2019-03-31_01_2019-06-28.xsd#jpcrp030000-asr_E03717-000_EquitySecuritiesNotListedInvestmentEquitySecuritiesHeldForPurposesOtherThanPureInvestmentReportingCompanyAbstract" xlink:label="EquitySecuritiesNotListedInvestmentEquitySecuritiesHeldForPurposesOtherThanPureInvestmentReportingCompanyAbstract" />
    <link:loc xlink:type="locator" xlink:href="jpcrp030000-asr-001_E03717-000_2019-03-31_01_2019-06-28.xsd#jpcrp030000-asr_E03717-000_NumberOfNamesOfSecuritiesEquitySecuritiesNotListedInvestmentEquitySecuritiesHeldForPurposesOtherThanPureInvestmentReportingCompany" xlink:label="NumberOfNamesOfSecuritiesEquitySecuritiesNotListedInvestmentEquitySecuritiesHeldForPurposesOtherThanPureInvestmentReportingCompany" />
    <link:loc xlink:type="locator" xlink:href="jpcrp030000-asr-001_E03717-000_2019-03-31_01_2019-06-28.xsd#jpcrp030000-asr_E03717-000_BookValueEquitySecuritiesNotListedInvestmentEquitySecuritiesHeldForPurposesOtherThanPureInvestmentReportingCompany" xlink:label="BookValueEquitySecuritiesNotListedInvestmentEquitySecuritiesHeldForPurposesOtherThanPureInvestmentReportingCompany" />
    <link:loc xlink:type="locator" xlink:href="jpcrp030000-asr-001_E03717-000_2019-03-31_01_2019-06-28.xsd#jpcrp030000-asr_E03717-000_EquitySecuritiesOtherThanThoseNotListedInvestmentEquitySecuritiesHeldForPurposesOtherThanPureInvestmentReportingCompanyAbstract" xlink:label="EquitySecuritiesOtherThanThoseNotListedInvestmentEquitySecuritiesHeldForPurposesOtherThanPureInvestmentReportingCompanyAbstract" />
    <link:loc xlink:type="locator" xlink:href="jpcrp030000-asr-001_E03717-000_2019-03-31_01_2019-06-28.xsd#jpcrp030000-asr_E03717-000_NumberOfNamesOfSecuritiesEquitySecuritiesOtherThanThoseNotListedInvestmentEquitySecuritiesHeldForPurposesOtherThanPureInvestmentReportingCompany" xlink:label="NumberOfNamesOfSecuritiesEquitySecuritiesOtherThanThoseNotListedInvestmentEquitySecuritiesHeldForPurposesOtherThanPureInvestmentReportingCompany" />
    <link:loc xlink:type="locator" xlink:href="jpcrp030000-asr-001_E03717-000_2019-03-31_01_2019-06-28.xsd#jpcrp030000-asr_E03717-000_BookValueEquitySecuritiesOtherThanThoseNotListedInvestmentEquitySecuritiesHeldForPurposesOtherThanPureInvestmentReportingCompany" xlink:label="BookValueEquitySecuritiesOtherThanThoseNotListedInvestmentEquitySecuritiesHeldForPurposesOtherThanPureInvestmentReportingCompany" />
    <link:loc xlink:type="locator" xlink:href="jpcrp030000-asr-001_E03717-000_2019-03-31_01_2019-06-28.xsd#jpcrp030000-asr_E03717-000_NumberOfNamesOfSecuritiesEquitySecuritiesNotListedInvestmentEquitySecuritiesHeldForPureInvestmentReportingCompany" xlink:label="NumberOfNamesOfSecuritiesEquitySecuritiesNotListedInvestmentEquitySecuritiesHeldForPureInvestmentReportingCompany" />
    <link:loc xlink:type="locator" xlink:href="jpcrp030000-asr-001_E03717-000_2019-03-31_01_2019-06-28.xsd#jpcrp030000-asr_E03717-000_NumberOfNamesOfSecuritiesEquitySecuritiesOtherThanThoseNotListedInvestmentEquitySecuritiesHeldForPureInvestmentReportingCompany" xlink:label="NumberOfNamesOfSecuritiesEquitySecuritiesOtherThanThoseNotListedInvestmentEquitySecuritiesHeldForPureInvestmentReportingCompany" />
    <link:loc xlink:type="locator" xlink:href="jpcrp030000-asr-001_E03717-000_2019-03-31_01_2019-06-28.xsd#jpcrp030000-asr_E03717-000_DividendsFromRestAssetNOI" xlink:label="DividendsFromRestAssetNOI" />
    <link:loc xlink:type="locator" xlink:href="jpcrp030000-asr-001_E03717-000_2019-03-31_01_2019-06-28.xsd#jpcrp030000-asr_E03717-000_DecreaseIncreaseInAccountsReceivableOpeCF" xlink:label="DecreaseIncreaseInAccountsReceivableOpeCF" />
    <link:loc xlink:type="locator" xlink:href="jpcrp030000-asr-001_E03717-000_2019-03-31_01_2019-06-28.xsd#jpcrp030000-asr_E03717-000_YamanakaNorifumiMember" xlink:label="YamanakaNorifumiMember" />
    <link:loc xlink:type="locator" xlink:href="jpcrp030000-asr-001_E03717-000_2019-03-31_01_2019-06-28.xsd#jpcrp030000-asr_E03717-000_TounoShinobuMember" xlink:label="TounoShinobuMember" />
    <link:loc xlink:type="locator" xlink:href="jpcrp030000-asr-001_E03717-000_2019-03-31_01_2019-06-28.xsd#jpcrp030000-asr_E03717-000_TakedaHitoshiMember" xlink:label="TakedaHitoshiMember" />
    <link:loc xlink:type="locator" xlink:href="jpcrp030000-asr-001_E03717-000_2019-03-31_01_2019-06-28.xsd#jpcrp030000-asr_E03717-000_SuzumuraTatenaoMember" xlink:label="SuzumuraTatenaoMember" />
    <link:loc xlink:type="locator" xlink:href="jpcrp030000-asr-001_E03717-000_2019-03-31_01_2019-06-28.xsd#jpcrp030000-asr_E03717-000_MitaniTadashiMember" xlink:label="MitaniTadashiMember" />
    <link:loc xlink:type="locator" xlink:href="jpcrp030000-asr-001_E03717-000_2019-03-31_01_2019-06-28.xsd#jpcrp030000-asr_E03717-000_NiimiShikajirouMember" xlink:label="NiimiShikajirouMember" />
    <link:loc xlink:type="locator" xlink:href="jpcrp030000-asr-001_E03717-000_2019-03-31_01_2019-06-28.xsd#jpcrp030000-asr_E03717-000_KimuraManabuMember" xlink:label="KimuraManabuMember" />
    <link:loc xlink:type="locator" xlink:href="jpcrp030000-asr-001_E03717-000_2019-03-31_01_2019-06-28.xsd#jpcrp030000-asr_E03717-000_MaekawaKunihikoMember" xlink:label="MaekawaKunihikoMember" />
    <link:loc xlink:type="locator" xlink:href="jpcrp030000-asr-001_E03717-000_2019-03-31_01_2019-06-28.xsd#jpcrp030000-asr_E03717-000_OkadaYoshitakaMember" xlink:label="OkadaYoshitakaMember" />
    <link:loc xlink:type="locator" xlink:href="jpcrp030000-asr-001_E03717-000_2019-03-31_01_2019-06-28.xsd#jpcrp030000-asr_E03717-000_NakajimaFumitakaMember" xlink:label="NakajimaFumitakaMember" />
    <link:loc xlink:type="locator" xlink:href="jpcrp030000-asr-001_E03717-000_2019-03-31_01_2019-06-28.xsd#jpcrp030000-asr_E03717-000_SakaiHirooMember" xlink:label="SakaiHirooMember" />
    <link:loc xlink:type="locator" xlink:href="jpcrp030000-asr-001_E03717-000_2019-03-31_01_2019-06-28.xsd#jpcrp030000-asr_E03717-000_AsanoNobuyukiMember" xlink:label="AsanoNobuyukiMember" />
    <link:loc xlink:type="locator" xlink:href="jpcrp030000-asr-001_E03717-000_2019-03-31_01_2019-06-28.xsd#jpcrp030000-asr_E03717-000_NakayasuHiroshiMember" xlink:label="NakayasuHiroshiMember" />
    <link:loc xlink:type="locator" xlink:href="jpcrp030000-asr-001_E03717-000_2019-03-31_01_2019-06-28.xsd#jpcrp030000-asr_E03717-000_HiharaToshikazuMember" xlink:label="HiharaToshikazuMember" />
    <link:loc xlink:type="locator" xlink:href="jpcrp030000-asr-001_E03717-000_2019-03-31_01_2019-06-28.xsd#jpcrp030000-asr_E03717-000_ShogakiTatsuoMember" xlink:label="ShogakiTatsuoMember" />
    <link:loc xlink:type="locator" xlink:href="jpcrp030000-asr-001_E03717-000_2019-03-31_01_2019-06-28.xsd#jpcrp030000-asr_E03717-000_NotesRegardingDividendsFromRestAssetTextBlock" xlink:label="NotesRegardingDividendsFromRestAssetTextBlock" />
    <link:label xlink:type="resource" xlink:label="label_NotesRegardingAccountsReceivableCustomerAndBadDebtsTextBlock" xml:lang="ja" xlink:role="http://www.xbrl.org/2003/role/label" id="label_NotesRegardingAccountsReceivableCustomerAndBadDebtsTextBlock">委託者未収金及び固定化営業債権に関する注記</link:label>
    <link:labelArc xlink:type="arc" xlink:arcrole="http://www.xbrl.org/2003/arcrole/concept-label" xlink:from="NotesRegardingAccountsReceivableCustomerAndBadDebtsTextBlock" xlink:to="label_NotesRegardingAccountsReceivableCustomerAndBadDebtsTextBlock" />
    <link:label xlink:type="resource" xlink:label="label_NotesRegardingAccountsReceivableCustomerAndBadDebtsTextBlock_2" xml:lang="ja" xlink:role="http://www.xbrl.org/2003/role/verboseLabel" id="label_NotesRegardingAccountsReceivableCustomerAndBadDebtsTextBlock_2">委託者未収金及び固定化営業債権に関する注記 [テキストブロック]</link:label>
    <link:labelArc xlink:type="arc" xlink:arcrole="http://www.xbrl.org/2003/arcrole/concept-label" xlink:from="NotesRegardingAccountsReceivableCustomerAndBadDebtsTextBlock" xlink:to="label_NotesRegardingAccountsReceivableCustomerAndBadDebtsTextBlock_2" />
    <link:label xlink:type="resource" xlink:label="label_NotesRegardingClaimsProvableInBankruptcyClaimsProvableInRehabilitationAndOtherTextBlock" xml:lang="ja" xlink:role="http://www.xbrl.org/2003/role/label" id="label_NotesRegardingClaimsProvableInBankruptcyClaimsProvableInRehabilitationAndOtherTextBlock">破産更生債権等に関する注記</link:label>
    <link:labelArc xlink:type="arc" xlink:arcrole="http://www.xbrl.org/2003/arcrole/concept-label" xlink:from="NotesRegardingClaimsProvableInBankruptcyClaimsProvableInRehabilitationAndOtherTextBlock" xlink:to="label_NotesRegardingClaimsProvableInBankruptcyClaimsProvableInRehabilitationAndOtherTextBlock" />
    <link:label xlink:type="resource" xlink:label="label_NotesRegardingClaimsProvableInBankruptcyClaimsProvableInRehabilitationAndOtherTextBlock_2" xml:lang="ja" xlink:role="http://www.xbrl.org/2003/role/verboseLabel" id="label_NotesRegardingClaimsProvableInBankruptcyClaimsProvableInRehabilitationAndOtherTextBlock_2">破産更生債権等に関する注記 [テキストブロック]</link:label>
    <link:labelArc xlink:type="arc" xlink:arcrole="http://www.xbrl.org/2003/arcrole/concept-label" xlink:from="NotesRegardingClaimsProvableInBankruptcyClaimsProvableInRehabilitationAndOtherTextBlock" xlink:to="label_NotesRegardingClaimsProvableInBankruptcyClaimsProvableInRehabilitationAndOtherTextBlock_2" />
    <link:label xlink:type="resource" xlink:label="label_InformationAboutEmployeesOfReportingCompanyTable" xml:lang="ja" xlink:role="http://www.xbrl.org/2003/role/label" id="label_InformationAboutEmployeesOfReportingCompanyTable">提出会社の従業員の状況</link:label>
    <link:labelArc xlink:type="arc" xlink:arcrole="http://www.xbrl.org/2003/arcrole/concept-label" xlink:from="InformationAboutEmployeesOfReportingCompanyTable" xlink:to="label_InformationAboutEmployeesOfReportingCompanyTable" />
    <link:label xlink:type="resource" xlink:label="label_InformationAboutEmployeesOfReportingCompanyTable_2" xml:lang="ja" xlink:role="http://www.xbrl.org/2003/role/verboseLabel" id="label_InformationAboutEmployeesOfReportingCompanyTable_2">提出会社の従業員の状況 [表]</link:label>
    <link:labelArc xlink:type="arc" xlink:arcrole="http://www.xbrl.org/2003/arcrole/concept-label" xlink:from="InformationAboutEmployeesOfReportingCompanyTable" xlink:to="label_InformationAboutEmployeesOfReportingCompanyTable_2" />
    <link:label xlink:type="resource" xlink:label="label_InformationAboutEmployeesOfReportingCompanyLineItems" xml:lang="ja" xlink:role="http://www.xbrl.org/2003/role/label" id="label_InformationAboutEmployeesOfReportingCompanyLineItems">提出会社の従業員の状況</link:label>
    <link:labelArc xlink:type="arc" xlink:arcrole="http://www.xbrl.org/2003/arcrole/concept-label" xlink:from="InformationAboutEmployeesOfReportingCompanyLineItems" xlink:to="label_InformationAboutEmployeesOfReportingCompanyLineItems" />
    <link:label xlink:type="resource" xlink:label="label_InformationAboutEmployeesOfReportingCompanyLineItems_2" xml:lang="ja" xlink:role="http://www.xbrl.org/2003/role/verboseLabel" id="label_InformationAboutEmployeesOfReportingCompanyLineItems_2">提出会社の従業員の状況 [表示項目]</link:label>
    <link:labelArc xlink:type="arc" xlink:arcrole="http://www.xbrl.org/2003/arcrole/concept-label" xlink:from="InformationAboutEmployeesOfReportingCompanyLineItems" xlink:to="label_InformationAboutEmployeesOfReportingCompanyLineItems_2" />
    <link:label xlink:type="resource" xlink:label="label_NumberOfNamesOfSecuritiesEquitySecuritiesNotListedInvestmentEquitySecuritiesHeldForPureInvestmentReportingCompany" xml:lang="ja" xlink:role="http://www.xbrl.org/2003/role/label" id="label_NumberOfNamesOfSecuritiesEquitySecuritiesNotListedInvestmentEquitySecuritiesHeldForPureInvestmentReportingCompany">銘柄数</link:label>
    <link:labelArc xlink:type="arc" xlink:arcrole="http://www.xbrl.org/2003/arcrole/concept-label" xlink:from="NumberOfNamesOfSecuritiesEquitySecuritiesNotListedInvestmentEquitySecuritiesHeldForPureInvestmentReportingCompany" xlink:to="label_NumberOfNamesOfSecuritiesEquitySecuritiesNotListedInvestmentEquitySecuritiesHeldForPureInvestmentReportingCompany" />
    <link:label xlink:type="resource" xlink:label="label_NumberOfNamesOfSecuritiesEquitySecuritiesNotListedInvestmentEquitySecuritiesHeldForPureInvestmentReportingCompany_2" xml:lang="ja" xlink:role="http://www.xbrl.org/2003/role/verboseLabel" id="label_NumberOfNamesOfSecuritiesEquitySecuritiesNotListedInvestmentEquitySecuritiesHeldForPureInvestmentReportingCompany_2">銘柄数、非上場株式、保有目的が純投資目的である投資株式、提出会社</link:label>
    <link:labelArc xlink:type="arc" xlink:arcrole="http://www.xbrl.org/2003/arcrole/concept-label" xlink:from="NumberOfNamesOfSecuritiesEquitySecuritiesNotListedInvestmentEquitySecuritiesHeldForPureInvestmentReportingCompany" xlink:to="label_NumberOfNamesOfSecuritiesEquitySecuritiesNotListedInvestmentEquitySecuritiesHeldForPureInvestmentReportingCompany_2" />
    <link:label xlink:type="resource" xlink:label="label_NumberOfNamesOfSecuritiesEquitySecuritiesOtherThanThoseNotListedInvestmentEquitySecuritiesHeldForPureInvestmentReportingCompany" xml:lang="ja" xlink:role="http://www.xbrl.org/2003/role/label" id="label_NumberOfNamesOfSecuritiesEquitySecuritiesOtherThanThoseNotListedInvestmentEquitySecuritiesHeldForPureInvestmentReportingCompany">銘柄数</link:label>
    <link:labelArc xlink:type="arc" xlink:arcrole="http://www.xbrl.org/2003/arcrole/concept-label" xlink:from="NumberOfNamesOfSecuritiesEquitySecuritiesOtherThanThoseNotListedInvestmentEquitySecuritiesHeldForPureInvestmentReportingCompany" xlink:to="label_NumberOfNamesOfSecuritiesEquitySecuritiesOtherThanThoseNotListedInvestmentEquitySecuritiesHeldForPureInvestmentReportingCompany" />
    <link:label xlink:type="resource" xlink:label="label_NumberOfNamesOfSecuritiesEquitySecuritiesOtherThanThoseNotListedInvestmentEquitySecuritiesHeldForPureInvestmentReportingCompany_2" xml:lang="ja" xlink:role="http://www.xbrl.org/2003/role/verboseLabel" id="label_NumberOfNamesOfSecuritiesEquitySecuritiesOtherThanThoseNotListedInvestmentEquitySecuritiesHeldForPureInvestmentReportingCompany_2">銘柄数、非上場株式以外の株式、保有目的が純投資目的である投資株式、提出会社</link:label>
    <link:labelArc xlink:type="arc" xlink:arcrole="http://www.xbrl.org/2003/arcrole/concept-label" xlink:from="NumberOfNamesOfSecuritiesEquitySecuritiesOtherThanThoseNotListedInvestmentEquitySecuritiesHeldForPureInvestmentReportingCompany" xlink:to="label_NumberOfNamesOfSecuritiesEquitySecuritiesOtherThanThoseNotListedInvestmentEquitySecuritiesHeldForPureInvestmentReportingCompany_2" />
    <link:label xlink:type="resource" xlink:label="label_EquitySecuritiesNotListedInvestmentEquitySecuritiesHeldForPurposesOtherThanPureInvestmentReportingCompanyAbstract" xml:lang="ja" xlink:role="http://www.xbrl.org/2003/role/label" id="label_EquitySecuritiesNotListedInvestmentEquitySecuritiesHeldForPurposesOtherThanPureInvestmentReportingCompanyAbstract">非上場株式</link:label>
    <link:labelArc xlink:type="arc" xlink:arcrole="http://www.xbrl.org/2003/arcrole/concept-label" xlink:from="EquitySecuritiesNotListedInvestmentEquitySecuritiesHeldForPurposesOtherThanPureInvestmentReportingCompanyAbstract" xlink:to="label_EquitySecuritiesNotListedInvestmentEquitySecuritiesHeldForPurposesOtherThanPureInvestmentReportingCompanyAbstract" />
    <link:label xlink:type="resource" xlink:label="label_EquitySecuritiesNotListedInvestmentEquitySecuritiesHeldForPurposesOtherThanPureInvestmentReportingCompanyAbstract_2" xml:lang="ja" xlink:role="http://www.xbrl.org/2003/role/verboseLabel" id="label_EquitySecuritiesNotListedInvestmentEquitySecuritiesHeldForPurposesOtherThanPureInvestmentReportingCompanyAbstract_2">非上場株式、保有目的が純投資目的以外の目的である投資株式、提出会社 [タイトル項目]</link:label>
    <link:labelArc xlink:type="arc" xlink:arcrole="http://www.xbrl.org/2003/arcrole/concept-label" xlink:from="EquitySecuritiesNotListedInvestmentEquitySecuritiesHeldForPurposesOtherThanPureInvestmentReportingCompanyAbstract" xlink:to="label_EquitySecuritiesNotListedInvestmentEquitySecuritiesHeldForPurposesOtherThanPureInvestmentReportingCompanyAbstract_2" />
    <link:label xlink:type="resource" xlink:label="label_NumberOfNamesOfSecuritiesEquitySecuritiesNotListedInvestmentEquitySecuritiesHeldForPurposesOtherThanPureInvestmentReportingCompany" xml:lang="ja" xlink:role="http://www.xbrl.org/2003/role/label" id="label_NumberOfNamesOfSecuritiesEquitySecuritiesNotListedInvestmentEquitySecuritiesHeldForPurposesOtherThanPureInvestmentReportingCompany">銘柄数</link:label>
    <link:labelArc xlink:type="arc" xlink:arcrole="http://www.xbrl.org/2003/arcrole/concept-label" xlink:from="NumberOfNamesOfSecuritiesEquitySecuritiesNotListedInvestmentEquitySecuritiesHeldForPurposesOtherThanPureInvestmentReportingCompany" xlink:to="label_NumberOfNamesOfSecuritiesEquitySecuritiesNotListedInvestmentEquitySecuritiesHeldForPurposesOtherThanPureInvestmentReportingCompany" />
    <link:label xlink:type="resource" xlink:label="label_NumberOfNamesOfSecuritiesEquitySecuritiesNotListedInvestmentEquitySecuritiesHeldForPurposesOtherThanPureInvestmentReportingCompany_2" xml:lang="ja" xlink:role="http://www.xbrl.org/2003/role/verboseLabel" id="label_NumberOfNamesOfSecuritiesEquitySecuritiesNotListedInvestmentEquitySecuritiesHeldForPurposesOtherThanPureInvestmentReportingCompany_2">銘柄数、非上場株式、保有目的が純投資目的以外の目的である投資株式、提出会社</link:label>
    <link:labelArc xlink:type="arc" xlink:arcrole="http://www.xbrl.org/2003/arcrole/concept-label" xlink:from="NumberOfNamesOfSecuritiesEquitySecuritiesNotListedInvestmentEquitySecuritiesHeldForPurposesOtherThanPureInvestmentReportingCompany" xlink:to="label_NumberOfNamesOfSecuritiesEquitySecuritiesNotListedInvestmentEquitySecuritiesHeldForPurposesOtherThanPureInvestmentReportingCompany_2" />
    <link:label xlink:type="resource" xlink:label="label_BookValueEquitySecuritiesNotListedInvestmentEquitySecuritiesHeldForPurposesOtherThanPureInvestmentReportingCompany" xml:lang="ja" xlink:role="http://www.xbrl.org/2003/role/label" id="label_BookValueEquitySecuritiesNotListedInvestmentEquitySecuritiesHeldForPurposesOtherThanPureInvestmentReportingCompany">貸借対照表計上額</link:label>
    <link:labelArc xlink:type="arc" xlink:arcrole="http://www.xbrl.org/2003/arcrole/concept-label" xlink:from="BookValueEquitySecuritiesNotListedInvestmentEquitySecuritiesHeldForPurposesOtherThanPureInvestmentReportingCompany" xlink:to="label_BookValueEquitySecuritiesNotListedInvestmentEquitySecuritiesHeldForPurposesOtherThanPureInvestmentReportingCompany" />
    <link:label xlink:type="resource" xlink:label="label_BookValueEquitySecuritiesNotListedInvestmentEquitySecuritiesHeldForPurposesOtherThanPureInvestmentReportingCompany_2" xml:lang="ja" xlink:role="http://www.xbrl.org/2003/role/verboseLabel" id="label_BookValueEquitySecuritiesNotListedInvestmentEquitySecuritiesHeldForPurposesOtherThanPureInvestmentReportingCompany_2">貸借対照表計上額、非上場株式、保有目的が純投資目的以外の目的である投資株式、提出会社</link:label>
    <link:labelArc xlink:type="arc" xlink:arcrole="http://www.xbrl.org/2003/arcrole/concept-label" xlink:from="BookValueEquitySecuritiesNotListedInvestmentEquitySecuritiesHeldForPurposesOtherThanPureInvestmentReportingCompany" xlink:to="label_BookValueEquitySecuritiesNotListedInvestmentEquitySecuritiesHeldForPurposesOtherThanPureInvestmentReportingCompany_2" />
    <link:label xlink:type="resource" xlink:label="label_EquitySecuritiesOtherThanThoseNotListedInvestmentEquitySecuritiesHeldForPurposesOtherThanPureInvestmentReportingCompanyAbstract" xml:lang="ja" xlink:role="http://www.xbrl.org/2003/role/label" id="label_EquitySecuritiesOtherThanThoseNotListedInvestmentEquitySecuritiesHeldForPurposesOtherThanPureInvestmentReportingCompanyAbstract">非上場株式以外の株式</link:label>
    <link:labelArc xlink:type="arc" xlink:arcrole="http://www.xbrl.org/2003/arcrole/concept-label" xlink:from="EquitySecuritiesOtherThanThoseNotListedInvestmentEquitySecuritiesHeldForPurposesOtherThanPureInvestmentReportingCompanyAbstract" xlink:to="label_EquitySecuritiesOtherThanThoseNotListedInvestmentEquitySecuritiesHeldForPurposesOtherThanPureInvestmentReportingCompanyAbstract" />
    <link:label xlink:type="resource" xlink:label="label_EquitySecuritiesOtherThanThoseNotListedInvestmentEquitySecuritiesHeldForPurposesOtherThanPureInvestmentReportingCompanyAbstract_2" xml:lang="ja" xlink:role="http://www.xbrl.org/2003/role/verboseLabel" id="label_EquitySecuritiesOtherThanThoseNotListedInvestmentEquitySecuritiesHeldForPurposesOtherThanPureInvestmentReportingCompanyAbstract_2">非上場株式以外の株式、保有目的が純投資目的以外の目的である投資株式、提出会社 [タイトル項目]</link:label>
    <link:labelArc xlink:type="arc" xlink:arcrole="http://www.xbrl.org/2003/arcrole/concept-label" xlink:from="EquitySecuritiesOtherThanThoseNotListedInvestmentEquitySecuritiesHeldForPurposesOtherThanPureInvestmentReportingCompanyAbstract" xlink:to="label_EquitySecuritiesOtherThanThoseNotListedInvestmentEquitySecuritiesHeldForPurposesOtherThanPureInvestmentReportingCompanyAbstract_2" />
    <link:label xlink:type="resource" xlink:label="label_NumberOfNamesOfSecuritiesEquitySecuritiesOtherThanThoseNotListedInvestmentEquitySecuritiesHeldForPurposesOtherThanPureInvestmentReportingCompany" xml:lang="ja" xlink:role="http://www.xbrl.org/2003/role/label" id="label_NumberOfNamesOfSecuritiesEquitySecuritiesOtherThanThoseNotListedInvestmentEquitySecuritiesHeldForPurposesOtherThanPureInvestmentReportingCompany">銘柄数</link:label>
    <link:labelArc xlink:type="arc" xlink:arcrole="http://www.xbrl.org/2003/arcrole/concept-label" xlink:from="NumberOfNamesOfSecuritiesEquitySecuritiesOtherThanThoseNotListedInvestmentEquitySecuritiesHeldForPurposesOtherThanPureInvestmentReportingCompany" xlink:to="label_NumberOfNamesOfSecuritiesEquitySecuritiesOtherThanThoseNotListedInvestmentEquitySecuritiesHeldForPurposesOtherThanPureInvestmentReportingCompany" />
    <link:label xlink:type="resource" xlink:label="label_NumberOfNamesOfSecuritiesEquitySecuritiesOtherThanThoseNotListedInvestmentEquitySecuritiesHeldForPurposesOtherThanPureInvestmentReportingCompany_2" xml:lang="ja" xlink:role="http://www.xbrl.org/2003/role/verboseLabel" id="label_NumberOfNamesOfSecuritiesEquitySecuritiesOtherThanThoseNotListedInvestmentEquitySecuritiesHeldForPurposesOtherThanPureInvestmentReportingCompany_2">銘柄数、非上場株式以外の株式、保有目的が純投資目的以外の目的である投資株式、提出会社</link:label>
    <link:labelArc xlink:type="arc" xlink:arcrole="http://www.xbrl.org/2003/arcrole/concept-label" xlink:from="NumberOfNamesOfSecuritiesEquitySecuritiesOtherThanThoseNotListedInvestmentEquitySecuritiesHeldForPurposesOtherThanPureInvestmentReportingCompany" xlink:to="label_NumberOfNamesOfSecuritiesEquitySecuritiesOtherThanThoseNotListedInvestmentEquitySecuritiesHeldForPurposesOtherThanPureInvestmentReportingCompany_2" />
    <link:label xlink:type="resource" xlink:label="label_BookValueEquitySecuritiesOtherThanThoseNotListedInvestmentEquitySecuritiesHeldForPurposesOtherThanPureInvestmentReportingCompany" xml:lang="ja" xlink:role="http://www.xbrl.org/2003/role/label" id="label_BookValueEquitySecuritiesOtherThanThoseNotListedInvestmentEquitySecuritiesHeldForPurposesOtherThanPureInvestmentReportingCompany">貸借対照表計上額</link:label>
    <link:labelArc xlink:type="arc" xlink:arcrole="http://www.xbrl.org/2003/arcrole/concept-label" xlink:from="BookValueEquitySecuritiesOtherThanThoseNotListedInvestmentEquitySecuritiesHeldForPurposesOtherThanPureInvestmentReportingCompany" xlink:to="label_BookValueEquitySecuritiesOtherThanThoseNotListedInvestmentEquitySecuritiesHeldForPurposesOtherThanPureInvestmentReportingCompany" />
    <link:label xlink:type="resource" xlink:label="label_BookValueEquitySecuritiesOtherThanThoseNotListedInvestmentEquitySecuritiesHeldForPurposesOtherThanPureInvestmentReportingCompany_2" xml:lang="ja" xlink:role="http://www.xbrl.org/2003/role/verboseLabel" id="label_BookValueEquitySecuritiesOtherThanThoseNotListedInvestmentEquitySecuritiesHeldForPurposesOtherThanPureInvestmentReportingCompany_2">貸借対照表計上額、非上場株式以外の株式、保有目的が純投資目的以外の目的である投資株式、提出会社</link:label>
    <link:labelArc xlink:type="arc" xlink:arcrole="http://www.xbrl.org/2003/arcrole/concept-label" xlink:from="BookValueEquitySecuritiesOtherThanThoseNotListedInvestmentEquitySecuritiesHeldForPurposesOtherThanPureInvestmentReportingCompany" xlink:to="label_BookValueEquitySecuritiesOtherThanThoseNotListedInvestmentEquitySecuritiesHeldForPurposesOtherThanPureInvestmentReportingCompany_2" />
    <link:label xlink:type="resource" xlink:label="label_MarginCustomerCA" xml:lang="ja" xlink:role="http://www.xbrl.org/2003/role/label" id="label_MarginCustomerCA">委託者差金</link:label>
    <link:labelArc xlink:type="arc" xlink:arcrole="http://www.xbrl.org/2003/arcrole/concept-label" xlink:from="MarginCustomerCA" xlink:to="label_MarginCustomerCA" />
    <link:label xlink:type="resource" xlink:label="label_MarginCustomerCA_2" xml:lang="ja" xlink:role="http://www.xbrl.org/2003/role/verboseLabel" id="label_MarginCustomerCA_2">委託者差金、流動資産</link:label>
    <link:labelArc xlink:type="arc" xlink:arcrole="http://www.xbrl.org/2003/arcrole/concept-label" xlink:from="MarginCustomerCA" xlink:to="label_MarginCustomerCA_2" />
    <link:label xlink:type="resource" xlink:label="label_IncreaseDecreaseInAccountsPayableOpeCF" xml:lang="ja" xlink:role="http://www.xbrl.org/2003/role/label" id="label_IncreaseDecreaseInAccountsPayableOpeCF">買掛金の増減額（△は減少）</link:label>
    <link:labelArc xlink:type="arc" xlink:arcrole="http://www.xbrl.org/2003/arcrole/concept-label" xlink:from="IncreaseDecreaseInAccountsPayableOpeCF" xlink:to="label_IncreaseDecreaseInAccountsPayableOpeCF" />
    <link:label xlink:type="resource" xlink:label="label_IncreaseDecreaseInAccountsPayableOpeCF_2" xml:lang="ja" xlink:role="http://www.xbrl.org/2003/role/verboseLabel" id="label_IncreaseDecreaseInAccountsPayableOpeCF_2">買掛金の増減額（△は減少）、営業活動によるキャッシュ・フロー</link:label>
    <link:labelArc xlink:type="arc" xlink:arcrole="http://www.xbrl.org/2003/arcrole/concept-label" xlink:from="IncreaseDecreaseInAccountsPayableOpeCF" xlink:to="label_IncreaseDecreaseInAccountsPayableOpeCF_2" />
    <link:label xlink:type="resource" xlink:label="label_DecreaseIncreaseInMarginCustomerOpeCF" xml:lang="ja" xlink:role="http://www.xbrl.org/2003/role/label" id="label_DecreaseIncreaseInMarginCustomerOpeCF">委託者差金（借方）の増減額（△は増加）</link:label>
    <link:labelArc xlink:type="arc" xlink:arcrole="http://www.xbrl.org/2003/arcrole/concept-label" xlink:from="DecreaseIncreaseInMarginCustomerOpeCF" xlink:to="label_DecreaseIncreaseInMarginCustomerOpeCF" />
    <link:label xlink:type="resource" xlink:label="label_DecreaseIncreaseInMarginCustomerOpeCF_2" xml:lang="ja" xlink:role="http://www.xbrl.org/2003/role/verboseLabel" id="label_DecreaseIncreaseInMarginCustomerOpeCF_2">委託者差金（借方）の増減額（△は増加）、営業活動によるキャッシュ・フロー</link:label>
    <link:labelArc xlink:type="arc" xlink:arcrole="http://www.xbrl.org/2003/arcrole/concept-label" xlink:from="DecreaseIncreaseInMarginCustomerOpeCF" xlink:to="label_DecreaseIncreaseInMarginCustomerOpeCF_2" />
    <link:label xlink:type="resource" xlink:label="label_IncreaseDecreaseInCustomersDepositsSubstituteSecuritiesOpeCF" xml:lang="ja" xlink:role="http://www.xbrl.org/2003/role/label" id="label_IncreaseDecreaseInCustomersDepositsSubstituteSecuritiesOpeCF">預り証拠金代用有価証券の増減額（△は減少）</link:label>
    <link:labelArc xlink:type="arc" xlink:arcrole="http://www.xbrl.org/2003/arcrole/concept-label" xlink:from="IncreaseDecreaseInCustomersDepositsSubstituteSecuritiesOpeCF" xlink:to="label_IncreaseDecreaseInCustomersDepositsSubstituteSecuritiesOpeCF" />
    <link:label xlink:type="resource" xlink:label="label_IncreaseDecreaseInCustomersDepositsSubstituteSecuritiesOpeCF_2" xml:lang="ja" xlink:role="http://www.xbrl.org/2003/role/verboseLabel" id="label_IncreaseDecreaseInCustomersDepositsSubstituteSecuritiesOpeCF_2">預り証拠金代用有価証券の増減額（△は減少）、営業活動によるキャッシュ・フロー</link:label>
    <link:labelArc xlink:type="arc" xlink:arcrole="http://www.xbrl.org/2003/arcrole/concept-label" xlink:from="IncreaseDecreaseInCustomersDepositsSubstituteSecuritiesOpeCF" xlink:to="label_IncreaseDecreaseInCustomersDepositsSubstituteSecuritiesOpeCF_2" />
    <link:label xlink:type="resource" xlink:label="label_DecreaseIncreaseInAccountsReceivableOpeCF" xml:lang="ja" xlink:role="http://www.xbrl.org/2003/role/label" id="label_DecreaseIncreaseInAccountsReceivableOpeCF">売掛金の増減額（△は増加）</link:label>
    <link:labelArc xlink:type="arc" xlink:arcrole="http://www.xbrl.org/2003/arcrole/concept-label" xlink:from="DecreaseIncreaseInAccountsReceivableOpeCF" xlink:to="label_DecreaseIncreaseInAccountsReceivableOpeCF" />
    <link:label xlink:type="resource" xlink:label="label_DecreaseIncreaseInAccountsReceivableOpeCF_2" xml:lang="ja" xlink:role="http://www.xbrl.org/2003/role/verboseLabel" id="label_DecreaseIncreaseInAccountsReceivableOpeCF_2">売掛金の増減額（△は増加）、営業活動によるキャッシュ・フロー</link:label>
    <link:labelArc xlink:type="arc" xlink:arcrole="http://www.xbrl.org/2003/arcrole/concept-label" xlink:from="DecreaseIncreaseInAccountsReceivableOpeCF" xlink:to="label_DecreaseIncreaseInAccountsReceivableOpeCF_2" />
    <link:label xlink:type="resource" xlink:label="label_TelecommunicationsExpensesSGA" xml:lang="ja" xlink:role="http://www.xbrl.org/2003/role/label" id="label_TelecommunicationsExpensesSGA">情報通信料</link:label>
    <link:labelArc xlink:type="arc" xlink:arcrole="http://www.xbrl.org/2003/arcrole/concept-label" xlink:from="TelecommunicationsExpensesSGA" xlink:to="label_TelecommunicationsExpensesSGA" />
    <link:label xlink:type="resource" xlink:label="label_TelecommunicationsExpensesSGA_2" xml:lang="ja" xlink:role="http://www.xbrl.org/2003/role/verboseLabel" id="label_TelecommunicationsExpensesSGA_2">情報通信料、販売費及び一般管理費</link:label>
    <link:labelArc xlink:type="arc" xlink:arcrole="http://www.xbrl.org/2003/arcrole/concept-label" xlink:from="TelecommunicationsExpensesSGA" xlink:to="label_TelecommunicationsExpensesSGA_2" />
    <link:label xlink:type="resource" xlink:label="label_EquipmentExpensesSGA" xml:lang="ja" xlink:role="http://www.xbrl.org/2003/role/label" id="label_EquipmentExpensesSGA">器具備品使用料</link:label>
    <link:labelArc xlink:type="arc" xlink:arcrole="http://www.xbrl.org/2003/arcrole/concept-label" xlink:from="EquipmentExpensesSGA" xlink:to="label_EquipmentExpensesSGA" />
    <link:label xlink:type="resource" xlink:label="label_EquipmentExpensesSGA_2" xml:lang="ja" xlink:role="http://www.xbrl.org/2003/role/verboseLabel" id="label_EquipmentExpensesSGA_2">器具備品使用料、販売費及び一般管理費</link:label>
    <link:labelArc xlink:type="arc" xlink:arcrole="http://www.xbrl.org/2003/arcrole/concept-label" xlink:from="EquipmentExpensesSGA" xlink:to="label_EquipmentExpensesSGA_2" />
    <link:label xlink:type="resource" xlink:label="label_LitigationExpensesSGA" xml:lang="ja" xlink:role="http://www.xbrl.org/2003/role/label" id="label_LitigationExpensesSGA">訴訟関連費用</link:label>
    <link:labelArc xlink:type="arc" xlink:arcrole="http://www.xbrl.org/2003/arcrole/concept-label" xlink:from="LitigationExpensesSGA" xlink:to="label_LitigationExpensesSGA" />
    <link:label xlink:type="resource" xlink:label="label_LitigationExpensesSGA_2" xml:lang="ja" xlink:role="http://www.xbrl.org/2003/role/verboseLabel" id="label_LitigationExpensesSGA_2">訴訟関連費用、販売費及び一般管理費</link:label>
    <link:labelArc xlink:type="arc" xlink:arcrole="http://www.xbrl.org/2003/arcrole/concept-label" xlink:from="LitigationExpensesSGA" xlink:to="label_LitigationExpensesSGA_2" />
    <link:label xlink:type="resource" xlink:label="label_WarehouseCertificateChargesForCustodyNOI" xml:lang="ja" xlink:role="http://www.xbrl.org/2003/role/label" id="label_WarehouseCertificateChargesForCustodyNOI">倉荷証券保管料</link:label>
    <link:labelArc xlink:type="arc" xlink:arcrole="http://www.xbrl.org/2003/arcrole/concept-label" xlink:from="WarehouseCertificateChargesForCustodyNOI" xlink:to="label_WarehouseCertificateChargesForCustodyNOI" />
    <link:label xlink:type="resource" xlink:label="label_WarehouseCertificateChargesForCustodyNOI_2" xml:lang="ja" xlink:role="http://www.xbrl.org/2003/role/verboseLabel" id="label_WarehouseCertificateChargesForCustodyNOI_2">倉荷証券保管料、営業外収益</link:label>
    <link:labelArc xlink:type="arc" xlink:arcrole="http://www.xbrl.org/2003/arcrole/concept-label" xlink:from="WarehouseCertificateChargesForCustodyNOI" xlink:to="label_WarehouseCertificateChargesForCustodyNOI_2" />
    <link:label xlink:type="resource" xlink:label="label_LeaseDepositsDepreciationNOE" xml:lang="ja" xlink:role="http://www.xbrl.org/2003/role/label" id="label_LeaseDepositsDepreciationNOE">敷金償却費</link:label>
    <link:labelArc xlink:type="arc" xlink:arcrole="http://www.xbrl.org/2003/arcrole/concept-label" xlink:from="LeaseDepositsDepreciationNOE" xlink:to="label_LeaseDepositsDepreciationNOE" />
    <link:label xlink:type="resource" xlink:label="label_LeaseDepositsDepreciationNOE_2" xml:lang="ja" xlink:role="http://www.xbrl.org/2003/role/verboseLabel" id="label_LeaseDepositsDepreciationNOE_2">敷金償却費、営業外費用</link:label>
    <link:labelArc xlink:type="arc" xlink:arcrole="http://www.xbrl.org/2003/arcrole/concept-label" xlink:from="LeaseDepositsDepreciationNOE" xlink:to="label_LeaseDepositsDepreciationNOE_2" />
    <link:label xlink:type="resource" xlink:label="label_DividendsFromRestAssetNOI" xml:lang="ja" xlink:role="http://www.xbrl.org/2003/role/label" id="label_DividendsFromRestAssetNOI">残余資産分配金</link:label>
    <link:labelArc xlink:type="arc" xlink:arcrole="http://www.xbrl.org/2003/arcrole/concept-label" xlink:from="DividendsFromRestAssetNOI" xlink:to="label_DividendsFromRestAssetNOI" />
    <link:label xlink:type="resource" xlink:label="label_DividendsFromRestAssetNOI_2" xml:lang="ja" xlink:role="http://www.xbrl.org/2003/role/verboseLabel" id="label_DividendsFromRestAssetNOI_2">残余資産分配金、営業外収益</link:label>
    <link:labelArc xlink:type="arc" xlink:arcrole="http://www.xbrl.org/2003/arcrole/concept-label" xlink:from="DividendsFromRestAssetNOI" xlink:to="label_DividendsFromRestAssetNOI_2" />
    <link:label xlink:type="resource" xlink:label="label_NotesRegardingDividendsFromRestAssetTextBlock" xml:lang="ja" xlink:role="http://www.xbrl.org/2003/role/label" id="label_NotesRegardingDividendsFromRestAssetTextBlock">残余資産分配金の注記</link:label>
    <link:labelArc xlink:type="arc" xlink:arcrole="http://www.xbrl.org/2003/arcrole/concept-label" xlink:from="NotesRegardingDividendsFromRestAssetTextBlock" xlink:to="label_NotesRegardingDividendsFromRestAssetTextBlock" />
    <link:label xlink:type="resource" xlink:label="label_NotesRegardingDividendsFromRestAssetTextBlock_2" xml:lang="ja" xlink:role="http://www.xbrl.org/2003/role/verboseLabel" id="label_NotesRegardingDividendsFromRestAssetTextBlock_2">残余資産分配金の注記 [テキストブロック]</link:label>
    <link:labelArc xlink:type="arc" xlink:arcrole="http://www.xbrl.org/2003/arcrole/concept-label" xlink:from="NotesRegardingDividendsFromRestAssetTextBlock" xlink:to="label_NotesRegardingDividendsFromRestAssetTextBlock_2" />
    <link:label xlink:type="resource" xlink:label="label_BrokerageIncomeOperatingRevenueSummaryOfBusinessResults" xml:lang="ja" xlink:role="http://www.xbrl.org/2003/role/label" id="label_BrokerageIncomeOperatingRevenueSummaryOfBusinessResults">受取手数料</link:label>
    <link:labelArc xlink:type="arc" xlink:arcrole="http://www.xbrl.org/2003/arcrole/concept-label" xlink:from="BrokerageIncomeOperatingRevenueSummaryOfBusinessResults" xlink:to="label_BrokerageIncomeOperatingRevenueSummaryOfBusinessResults" />
    <link:label xlink:type="resource" xlink:label="label_BrokerageIncomeOperatingRevenueSummaryOfBusinessResults_2" xml:lang="ja" xlink:role="http://www.xbrl.org/2003/role/verboseLabel" id="label_BrokerageIncomeOperatingRevenueSummaryOfBusinessResults_2">受取手数料、営業収益、経営指標等</link:label>
    <link:labelArc xlink:type="arc" xlink:arcrole="http://www.xbrl.org/2003/arcrole/concept-label" xlink:from="BrokerageIncomeOperatingRevenueSummaryOfBusinessResults" xlink:to="label_BrokerageIncomeOperatingRevenueSummaryOfBusinessResults_2" />
    <link:label xlink:type="resource" xlink:label="label_RestatementEquityToAssetRatioEquityToAssetRatioSummaryOfBusinessResults" xml:lang="ja" xlink:role="http://www.xbrl.org/2003/role/label" id="label_RestatementEquityToAssetRatioEquityToAssetRatioSummaryOfBusinessResults">修正自己資本比率</link:label>
    <link:labelArc xlink:type="arc" xlink:arcrole="http://www.xbrl.org/2003/arcrole/concept-label" xlink:from="RestatementEquityToAssetRatioEquityToAssetRatioSummaryOfBusinessResults" xlink:to="label_RestatementEquityToAssetRatioEquityToAssetRatioSummaryOfBusinessResults" />
    <link:label xlink:type="resource" xlink:label="label_RestatementEquityToAssetRatioEquityToAssetRatioSummaryOfBusinessResults_2" xml:lang="ja" xlink:role="http://www.xbrl.org/2003/role/verboseLabel" id="label_RestatementEquityToAssetRatioEquityToAssetRatioSummaryOfBusinessResults_2">修正自己資本比率、自己資本比率、経営指標等</link:label>
    <link:labelArc xlink:type="arc" xlink:arcrole="http://www.xbrl.org/2003/arcrole/concept-label" xlink:from="RestatementEquityToAssetRatioEquityToAssetRatioSummaryOfBusinessResults" xlink:to="label_RestatementEquityToAssetRatioEquityToAssetRatioSummaryOfBusinessResults_2" />
    <link:label xlink:type="resource" xlink:label="label_MeasuresForConsignorAssetsPreservationRatioSummaryOfBusinessResults" xml:lang="ja" xlink:role="http://www.xbrl.org/2003/role/label" id="label_MeasuresForConsignorAssetsPreservationRatioSummaryOfBusinessResults">委託者資産保全措置率</link:label>
    <link:labelArc xlink:type="arc" xlink:arcrole="http://www.xbrl.org/2003/arcrole/concept-label" xlink:from="MeasuresForConsignorAssetsPreservationRatioSummaryOfBusinessResults" xlink:to="label_MeasuresForConsignorAssetsPreservationRatioSummaryOfBusinessResults" />
    <link:label xlink:type="resource" xlink:label="label_MeasuresForConsignorAssetsPreservationRatioSummaryOfBusinessResults_2" xml:lang="ja" xlink:role="http://www.xbrl.org/2003/role/verboseLabel" id="label_MeasuresForConsignorAssetsPreservationRatioSummaryOfBusinessResults_2">委託者資産保全措置率、経営指標等</link:label>
    <link:labelArc xlink:type="arc" xlink:arcrole="http://www.xbrl.org/2003/arcrole/concept-label" xlink:from="MeasuresForConsignorAssetsPreservationRatioSummaryOfBusinessResults" xlink:to="label_MeasuresForConsignorAssetsPreservationRatioSummaryOfBusinessResults_2" />
    <link:label xlink:type="resource" xlink:label="label_NetAssetsRegulationRatioSummaryOfBusinessResults" xml:lang="ja" xlink:role="http://www.xbrl.org/2003/role/label" id="label_NetAssetsRegulationRatioSummaryOfBusinessResults">純資産額規制比率</link:label>
    <link:labelArc xlink:type="arc" xlink:arcrole="http://www.xbrl.org/2003/arcrole/concept-label" xlink:from="NetAssetsRegulationRatioSummaryOfBusinessResults" xlink:to="label_NetAssetsRegulationRatioSummaryOfBusinessResults" />
    <link:label xlink:type="resource" xlink:label="label_NetAssetsRegulationRatioSummaryOfBusinessResults_2" xml:lang="ja" xlink:role="http://www.xbrl.org/2003/role/verboseLabel" id="label_NetAssetsRegulationRatioSummaryOfBusinessResults_2">純資産額規制比率、経営指標等</link:label>
    <link:labelArc xlink:type="arc" xlink:arcrole="http://www.xbrl.org/2003/arcrole/concept-label" xlink:from="NetAssetsRegulationRatioSummaryOfBusinessResults" xlink:to="label_NetAssetsRegulationRatioSummaryOfBusinessResults_2" />
    <link:label xlink:type="resource" xlink:label="label_TotalShareholderReturn" xml:lang="ja" xlink:role="http://www.xbrl.org/2003/role/label" id="label_TotalShareholderReturn">株主総利回り</link:label>
    <link:labelArc xlink:type="arc" xlink:arcrole="http://www.xbrl.org/2003/arcrole/concept-label" xlink:from="TotalShareholderReturn" xlink:to="label_TotalShareholderReturn" />
    <link:label xlink:type="resource" xlink:label="label_TotalShareholderReturn_2" xml:lang="ja" xlink:role="http://www.xbrl.org/2003/role/verboseLabel" id="label_TotalShareholderReturn_2">株主総利回り</link:label>
    <link:labelArc xlink:type="arc" xlink:arcrole="http://www.xbrl.org/2003/arcrole/concept-label" xlink:from="TotalShareholderReturn" xlink:to="label_TotalShareholderReturn_2" />
    <link:label xlink:type="resource" xlink:label="label_TotalReturnOnSharePriceIndex" xml:lang="ja" xlink:role="http://www.xbrl.org/2003/role/label" id="label_TotalReturnOnSharePriceIndex">株価指数における総利回り</link:label>
    <link:labelArc xlink:type="arc" xlink:arcrole="http://www.xbrl.org/2003/arcrole/concept-label" xlink:from="TotalReturnOnSharePriceIndex" xlink:to="label_TotalReturnOnSharePriceIndex" />
    <link:label xlink:type="resource" xlink:label="label_TotalReturnOnSharePriceIndex_2" xml:lang="ja" xlink:role="http://www.xbrl.org/2003/role/verboseLabel" id="label_TotalReturnOnSharePriceIndex_2">株価指数における総利回り</link:label>
    <link:labelArc xlink:type="arc" xlink:arcrole="http://www.xbrl.org/2003/arcrole/concept-label" xlink:from="TotalReturnOnSharePriceIndex" xlink:to="label_TotalReturnOnSharePriceIndex_2" />
    <link:label xlink:type="resource" xlink:label="label_ManagementAnalysisOfFinancialPositionOperatingResultsAndCashFlowsHeading" xml:lang="ja" xlink:role="http://www.xbrl.org/2003/role/label" id="label_ManagementAnalysisOfFinancialPositionOperatingResultsAndCashFlowsHeading">経営者による財政状態、経営成績及びキャッシュ・フローの状況の分析</link:label>
    <link:labelArc xlink:type="arc" xlink:arcrole="http://www.xbrl.org/2003/arcrole/concept-label" xlink:from="ManagementAnalysisOfFinancialPositionOperatingResultsAndCashFlowsHeading" xlink:to="label_ManagementAnalysisOfFinancialPositionOperatingResultsAndCashFlowsHeading" />
    <link:label xlink:type="resource" xlink:label="label_ManagementAnalysisOfFinancialPositionOperatingResultsAndCashFlowsHeading_2" xml:lang="ja" xlink:role="http://www.xbrl.org/2003/role/verboseLabel" id="label_ManagementAnalysisOfFinancialPositionOperatingResultsAndCashFlowsHeading_2">経営者による財政状態、経営成績及びキャッシュ・フローの状況の分析 [目次項目]</link:label>
    <link:labelArc xlink:type="arc" xlink:arcrole="http://www.xbrl.org/2003/arcrole/concept-label" xlink:from="ManagementAnalysisOfFinancialPositionOperatingResultsAndCashFlowsHeading" xlink:to="label_ManagementAnalysisOfFinancialPositionOperatingResultsAndCashFlowsHeading_2" />
    <link:label xlink:type="resource" xlink:label="label_ManagementAnalysisOfFinancialPositionOperatingResultsAndCashFlowsTextBlock" xml:lang="ja" xlink:role="http://www.xbrl.org/2003/role/label" id="label_ManagementAnalysisOfFinancialPositionOperatingResultsAndCashFlowsTextBlock">経営者による財政状態、経営成績及びキャッシュ・フローの状況の分析</link:label>
    <link:labelArc xlink:type="arc" xlink:arcrole="http://www.xbrl.org/2003/arcrole/concept-label" xlink:from="ManagementAnalysisOfFinancialPositionOperatingResultsAndCashFlowsTextBlock" xlink:to="label_ManagementAnalysisOfFinancialPositionOperatingResultsAndCashFlowsTextBlock" />
    <link:label xlink:type="resource" xlink:label="label_ManagementAnalysisOfFinancialPositionOperatingResultsAndCashFlowsTextBlock_2" xml:lang="ja" xlink:role="http://www.xbrl.org/2003/role/verboseLabel" id="label_ManagementAnalysisOfFinancialPositionOperatingResultsAndCashFlowsTextBlock_2">経営者による財政状態、経営成績及びキャッシュ・フローの状況の分析 [テキストブロック]</link:label>
    <link:labelArc xlink:type="arc" xlink:arcrole="http://www.xbrl.org/2003/arcrole/concept-label" xlink:from="ManagementAnalysisOfFinancialPositionOperatingResultsAndCashFlowsTextBlock" xlink:to="label_ManagementAnalysisOfFinancialPositionOperatingResultsAndCashFlowsTextBlock_2" />
    <link:label xlink:type="resource" xlink:label="label_AnalysisAndResponsesToSignificantEventsRelatedToGoingConcernRisksEtcTextBlock" xml:lang="ja" xlink:role="http://www.xbrl.org/2003/role/label" id="label_AnalysisAndResponsesToSignificantEventsRelatedToGoingConcernRisksEtcTextBlock">重要事象等の分析及び対応</link:label>
    <link:labelArc xlink:type="arc" xlink:arcrole="http://www.xbrl.org/2003/arcrole/concept-label" xlink:from="AnalysisAndResponsesToSignificantEventsRelatedToGoingConcernRisksEtcTextBlock" xlink:to="label_AnalysisAndResponsesToSignificantEventsRelatedToGoingConcernRisksEtcTextBlock" />
    <link:label xlink:type="resource" xlink:label="label_AnalysisAndResponsesToSignificantEventsRelatedToGoingConcernRisksEtcTextBlock_2" xml:lang="ja" xlink:role="http://www.xbrl.org/2003/role/verboseLabel" id="label_AnalysisAndResponsesToSignificantEventsRelatedToGoingConcernRisksEtcTextBlock_2">重要事象等の分析及び対応 [テキストブロック]</link:label>
    <link:labelArc xlink:type="arc" xlink:arcrole="http://www.xbrl.org/2003/arcrole/concept-label" xlink:from="AnalysisAndResponsesToSignificantEventsRelatedToGoingConcernRisksEtcTextBlock" xlink:to="label_AnalysisAndResponsesToSignificantEventsRelatedToGoingConcernRisksEtcTextBlock_2" />
    <link:label xlink:type="resource" xlink:label="label_OtherInformationAboutShareAcquisitionRightsHeading" xml:lang="ja" xlink:role="http://www.xbrl.org/2003/role/label" id="label_OtherInformationAboutShareAcquisitionRightsHeading">その他の新株予約権等の状況</link:label>
    <link:labelArc xlink:type="arc" xlink:arcrole="http://www.xbrl.org/2003/arcrole/concept-label" xlink:from="OtherInformationAboutShareAcquisitionRightsHeading" xlink:to="label_OtherInformationAboutShareAcquisitionRightsHeading" />
    <link:label xlink:type="resource" xlink:label="label_OtherInformationAboutShareAcquisitionRightsHeading_2" xml:lang="ja" xlink:role="http://www.xbrl.org/2003/role/verboseLabel" id="label_OtherInformationAboutShareAcquisitionRightsHeading_2">その他の新株予約権等の状況 [目次項目]</link:label>
    <link:labelArc xlink:type="arc" xlink:arcrole="http://www.xbrl.org/2003/arcrole/concept-label" xlink:from="OtherInformationAboutShareAcquisitionRightsHeading" xlink:to="label_OtherInformationAboutShareAcquisitionRightsHeading_2" />
    <link:label xlink:type="resource" xlink:label="label_OtherInformationAboutShareAcquisitionRightsTextBlock" xml:lang="ja" xlink:role="http://www.xbrl.org/2003/role/label" id="label_OtherInformationAboutShareAcquisitionRightsTextBlock">その他の新株予約権等の状況</link:label>
    <link:labelArc xlink:type="arc" xlink:arcrole="http://www.xbrl.org/2003/arcrole/concept-label" xlink:from="OtherInformationAboutShareAcquisitionRightsTextBlock" xlink:to="label_OtherInformationAboutShareAcquisitionRightsTextBlock" />
    <link:label xlink:type="resource" xlink:label="label_OtherInformationAboutShareAcquisitionRightsTextBlock_2" xml:lang="ja" xlink:role="http://www.xbrl.org/2003/role/verboseLabel" id="label_OtherInformationAboutShareAcquisitionRightsTextBlock_2">その他の新株予約権等の状況 [テキストブロック]</link:label>
    <link:labelArc xlink:type="arc" xlink:arcrole="http://www.xbrl.org/2003/arcrole/concept-label" xlink:from="OtherInformationAboutShareAcquisitionRightsTextBlock" xlink:to="label_OtherInformationAboutShareAcquisitionRightsTextBlock_2" />
    <link:label xlink:type="resource" xlink:label="label_OverviewOfCorporateGovernanceTextBlock" xml:lang="ja" xlink:role="http://www.xbrl.org/2003/role/label" id="label_OverviewOfCorporateGovernanceTextBlock">コーポレート・ガバナンスの概要</link:label>
    <link:labelArc xlink:type="arc" xlink:arcrole="http://www.xbrl.org/2003/arcrole/concept-label" xlink:from="OverviewOfCorporateGovernanceTextBlock" xlink:to="label_OverviewOfCorporateGovernanceTextBlock" />
    <link:label xlink:type="resource" xlink:label="label_OverviewOfCorporateGovernanceTextBlock_2" xml:lang="ja" xlink:role="http://www.xbrl.org/2003/role/verboseLabel" id="label_OverviewOfCorporateGovernanceTextBlock_2">コーポレート・ガバナンスの概要 [テキストブロック]</link:label>
    <link:labelArc xlink:type="arc" xlink:arcrole="http://www.xbrl.org/2003/arcrole/concept-label" xlink:from="OverviewOfCorporateGovernanceTextBlock" xlink:to="label_OverviewOfCorporateGovernanceTextBlock_2" />
    <link:label xlink:type="resource" xlink:label="label_OutsideDirectorsAndOutsideCorporateAuditorsInformationAboutDirectorsAndOtherOfficersTextBlock" xml:lang="ja" xlink:role="http://www.xbrl.org/2003/role/label" id="label_OutsideDirectorsAndOutsideCorporateAuditorsInformationAboutDirectorsAndOtherOfficersTextBlock">社外取締役（及び社外監査役）</link:label>
    <link:labelArc xlink:type="arc" xlink:arcrole="http://www.xbrl.org/2003/arcrole/concept-label" xlink:from="OutsideDirectorsAndOutsideCorporateAuditorsInformationAboutDirectorsAndOtherOfficersTextBlock" xlink:to="label_OutsideDirectorsAndOutsideCorporateAuditorsInformationAboutDirectorsAndOtherOfficersTextBlock" />
    <link:label xlink:type="resource" xlink:label="label_OutsideDirectorsAndOutsideCorporateAuditorsInformationAboutDirectorsAndOtherOfficersTextBlock_2" xml:lang="ja" xlink:role="http://www.xbrl.org/2003/role/verboseLabel" id="label_OutsideDirectorsAndOutsideCorporateAuditorsInformationAboutDirectorsAndOtherOfficersTextBlock_2">社外取締役（及び社外監査役）、役員の状況 [テキストブロック]</link:label>
    <link:labelArc xlink:type="arc" xlink:arcrole="http://www.xbrl.org/2003/arcrole/concept-label" xlink:from="OutsideDirectorsAndOutsideCorporateAuditorsInformationAboutDirectorsAndOtherOfficersTextBlock" xlink:to="label_OutsideDirectorsAndOutsideCorporateAuditorsInformationAboutDirectorsAndOtherOfficersTextBlock_2" />
    <link:label xlink:type="resource" xlink:label="label_InformationAboutAuditsTextBlock" xml:lang="ja" xlink:role="http://www.xbrl.org/2003/role/label" id="label_InformationAboutAuditsTextBlock">監査の状況</link:label>
    <link:labelArc xlink:type="arc" xlink:arcrole="http://www.xbrl.org/2003/arcrole/concept-label" xlink:from="InformationAboutAuditsTextBlock" xlink:to="label_InformationAboutAuditsTextBlock" />
    <link:label xlink:type="resource" xlink:label="label_InformationAboutAuditsTextBlock_2" xml:lang="ja" xlink:role="http://www.xbrl.org/2003/role/verboseLabel" id="label_InformationAboutAuditsTextBlock_2">監査の状況 [テキストブロック]</link:label>
    <link:labelArc xlink:type="arc" xlink:arcrole="http://www.xbrl.org/2003/arcrole/concept-label" xlink:from="InformationAboutAuditsTextBlock" xlink:to="label_InformationAboutAuditsTextBlock_2" />
    <link:label xlink:type="resource" xlink:label="label_RemunerationForDirectorsAndOtherOfficersTextBlock" xml:lang="ja" xlink:role="http://www.xbrl.org/2003/role/label" id="label_RemunerationForDirectorsAndOtherOfficersTextBlock">役員の報酬等</link:label>
    <link:labelArc xlink:type="arc" xlink:arcrole="http://www.xbrl.org/2003/arcrole/concept-label" xlink:from="RemunerationForDirectorsAndOtherOfficersTextBlock" xlink:to="label_RemunerationForDirectorsAndOtherOfficersTextBlock" />
    <link:label xlink:type="resource" xlink:label="label_RemunerationForDirectorsAndOtherOfficersTextBlock_2" xml:lang="ja" xlink:role="http://www.xbrl.org/2003/role/verboseLabel" id="label_RemunerationForDirectorsAndOtherOfficersTextBlock_2">役員の報酬等 [テキストブロック]</link:label>
    <link:labelArc xlink:type="arc" xlink:arcrole="http://www.xbrl.org/2003/arcrole/concept-label" xlink:from="RemunerationForDirectorsAndOtherOfficersTextBlock" xlink:to="label_RemunerationForDirectorsAndOtherOfficersTextBlock_2" />
    <link:label xlink:type="resource" xlink:label="label_EquitySecuritiesHeldTextBlock" xml:lang="ja" xlink:role="http://www.xbrl.org/2003/role/label" id="label_EquitySecuritiesHeldTextBlock">株式の保有状況</link:label>
    <link:labelArc xlink:type="arc" xlink:arcrole="http://www.xbrl.org/2003/arcrole/concept-label" xlink:from="EquitySecuritiesHeldTextBlock" xlink:to="label_EquitySecuritiesHeldTextBlock" />
    <link:label xlink:type="resource" xlink:label="label_EquitySecuritiesHeldTextBlock_2" xml:lang="ja" xlink:role="http://www.xbrl.org/2003/role/verboseLabel" id="label_EquitySecuritiesHeldTextBlock_2">株式の保有状況 [テキストブロック]</link:label>
    <link:labelArc xlink:type="arc" xlink:arcrole="http://www.xbrl.org/2003/arcrole/concept-label" xlink:from="EquitySecuritiesHeldTextBlock" xlink:to="label_EquitySecuritiesHeldTextBlock_2" />
    <link:label xlink:type="resource" xlink:label="label_OverviewOfCorporateGovernanceHeading" xml:lang="ja" xlink:role="http://www.xbrl.org/2003/role/label" id="label_OverviewOfCorporateGovernanceHeading">コーポレート・ガバナンスの概要</link:label>
    <link:labelArc xlink:type="arc" xlink:arcrole="http://www.xbrl.org/2003/arcrole/concept-label" xlink:from="OverviewOfCorporateGovernanceHeading" xlink:to="label_OverviewOfCorporateGovernanceHeading" />
    <link:label xlink:type="resource" xlink:label="label_OverviewOfCorporateGovernanceHeading_2" xml:lang="ja" xlink:role="http://www.xbrl.org/2003/role/verboseLabel" id="label_OverviewOfCorporateGovernanceHeading_2">コーポレート・ガバナンスの概要 [目次項目]</link:label>
    <link:labelArc xlink:type="arc" xlink:arcrole="http://www.xbrl.org/2003/arcrole/concept-label" xlink:from="OverviewOfCorporateGovernanceHeading" xlink:to="label_OverviewOfCorporateGovernanceHeading_2" />
    <link:label xlink:type="resource" xlink:label="label_InformationAboutAuditsHeading" xml:lang="ja" xlink:role="http://www.xbrl.org/2003/role/label" id="label_InformationAboutAuditsHeading">監査の状況</link:label>
    <link:labelArc xlink:type="arc" xlink:arcrole="http://www.xbrl.org/2003/arcrole/concept-label" xlink:from="InformationAboutAuditsHeading" xlink:to="label_InformationAboutAuditsHeading" />
    <link:label xlink:type="resource" xlink:label="label_InformationAboutAuditsHeading_2" xml:lang="ja" xlink:role="http://www.xbrl.org/2003/role/verboseLabel" id="label_InformationAboutAuditsHeading_2">監査の状況 [目次項目]</link:label>
    <link:labelArc xlink:type="arc" xlink:arcrole="http://www.xbrl.org/2003/arcrole/concept-label" xlink:from="InformationAboutAuditsHeading" xlink:to="label_InformationAboutAuditsHeading_2" />
    <link:label xlink:type="resource" xlink:label="label_EquitySecuritiesHeldHeading" xml:lang="ja" xlink:role="http://www.xbrl.org/2003/role/label" id="label_EquitySecuritiesHeldHeading">株式の保有状況</link:label>
    <link:labelArc xlink:type="arc" xlink:arcrole="http://www.xbrl.org/2003/arcrole/concept-label" xlink:from="EquitySecuritiesHeldHeading" xlink:to="label_EquitySecuritiesHeldHeading" />
    <link:label xlink:type="resource" xlink:label="label_EquitySecuritiesHeldHeading_2" xml:lang="ja" xlink:role="http://www.xbrl.org/2003/role/verboseLabel" id="label_EquitySecuritiesHeldHeading_2">株式の保有状況 [目次項目]</link:label>
    <link:labelArc xlink:type="arc" xlink:arcrole="http://www.xbrl.org/2003/arcrole/concept-label" xlink:from="EquitySecuritiesHeldHeading" xlink:to="label_EquitySecuritiesHeldHeading_2" />
    <link:label xlink:type="resource" xlink:label="label_RemunerationForDirectorsAndOtherOfficersHeading" xml:lang="ja" xlink:role="http://www.xbrl.org/2003/role/label" id="label_RemunerationForDirectorsAndOtherOfficersHeading">役員の報酬等</link:label>
    <link:labelArc xlink:type="arc" xlink:arcrole="http://www.xbrl.org/2003/arcrole/concept-label" xlink:from="RemunerationForDirectorsAndOtherOfficersHeading" xlink:to="label_RemunerationForDirectorsAndOtherOfficersHeading" />
    <link:label xlink:type="resource" xlink:label="label_RemunerationForDirectorsAndOtherOfficersHeading_2" xml:lang="ja" xlink:role="http://www.xbrl.org/2003/role/verboseLabel" id="label_RemunerationForDirectorsAndOtherOfficersHeading_2">役員の報酬等 [目次項目]</link:label>
    <link:labelArc xlink:type="arc" xlink:arcrole="http://www.xbrl.org/2003/arcrole/concept-label" xlink:from="RemunerationForDirectorsAndOtherOfficersHeading" xlink:to="label_RemunerationForDirectorsAndOtherOfficersHeading_2" />
    <link:label xlink:type="resource" xlink:label="label_OfficialTitleOrPositionInformationAboutDirectorsAndCorporateAuditors" xml:lang="ja" xlink:role="http://www.xbrl.org/2003/role/label" id="label_OfficialTitleOrPositionInformationAboutDirectorsAndCorporateAuditors">役職名</link:label>
    <link:labelArc xlink:type="arc" xlink:arcrole="http://www.xbrl.org/2003/arcrole/concept-label" xlink:from="OfficialTitleOrPositionInformationAboutDirectorsAndCorporateAuditors" xlink:to="label_OfficialTitleOrPositionInformationAboutDirectorsAndCorporateAuditors" />
    <link:label xlink:type="resource" xlink:label="label_OfficialTitleOrPositionInformationAboutDirectorsAndCorporateAuditors_2" xml:lang="ja" xlink:role="http://www.xbrl.org/2003/role/verboseLabel" id="label_OfficialTitleOrPositionInformationAboutDirectorsAndCorporateAuditors_2">役職名、役員の状況（取締役（及び監査役））</link:label>
    <link:labelArc xlink:type="arc" xlink:arcrole="http://www.xbrl.org/2003/arcrole/concept-label" xlink:from="OfficialTitleOrPositionInformationAboutDirectorsAndCorporateAuditors" xlink:to="label_OfficialTitleOrPositionInformationAboutDirectorsAndCorporateAuditors_2" />
    <link:label xlink:type="resource" xlink:label="label_YamanakaNorifumiMember" xml:lang="ja" xlink:role="http://www.xbrl.org/2003/role/verboseLabel" id="label_YamanakaNorifumiMember">山中　教史 [メンバー]</link:label>
    <link:labelArc xlink:type="arc" xlink:arcrole="http://www.xbrl.org/2003/arcrole/concept-label" xlink:from="YamanakaNorifumiMember" xlink:to="label_YamanakaNorifumiMember" />
    <link:label xlink:type="resource" xlink:label="label_YamanakaNorifumiMember_2" xml:lang="ja" xlink:role="http://www.xbrl.org/2003/role/label" id="label_YamanakaNorifumiMember_2">山中　教史</link:label>
    <link:labelArc xlink:type="arc" xlink:arcrole="http://www.xbrl.org/2003/arcrole/concept-label" xlink:from="YamanakaNorifumiMember" xlink:to="label_YamanakaNorifumiMember_2" />
    <link:label xlink:type="resource" xlink:label="label_TounoShinobuMember" xml:lang="ja" xlink:role="http://www.xbrl.org/2003/role/verboseLabel" id="label_TounoShinobuMember">當野　忍 [メンバー]</link:label>
    <link:labelArc xlink:type="arc" xlink:arcrole="http://www.xbrl.org/2003/arcrole/concept-label" xlink:from="TounoShinobuMember" xlink:to="label_TounoShinobuMember" />
    <link:label xlink:type="resource" xlink:label="label_TounoShinobuMember_2" xml:lang="ja" xlink:role="http://www.xbrl.org/2003/role/label" id="label_TounoShinobuMember_2">當野　忍</link:label>
    <link:labelArc xlink:type="arc" xlink:arcrole="http://www.xbrl.org/2003/arcrole/concept-label" xlink:from="TounoShinobuMember" xlink:to="label_TounoShinobuMember_2" />
    <link:label xlink:type="resource" xlink:label="label_TakedaHitoshiMember" xml:lang="ja" xlink:role="http://www.xbrl.org/2003/role/verboseLabel" id="label_TakedaHitoshiMember">武田　仁 [メンバー]</link:label>
    <link:labelArc xlink:type="arc" xlink:arcrole="http://www.xbrl.org/2003/arcrole/concept-label" xlink:from="TakedaHitoshiMember" xlink:to="label_TakedaHitoshiMember" />
    <link:label xlink:type="resource" xlink:label="label_TakedaHitoshiMember_2" xml:lang="ja" xlink:role="http://www.xbrl.org/2003/role/label" id="label_TakedaHitoshiMember_2">武田　仁</link:label>
    <link:labelArc xlink:type="arc" xlink:arcrole="http://www.xbrl.org/2003/arcrole/concept-label" xlink:from="TakedaHitoshiMember" xlink:to="label_TakedaHitoshiMember_2" />
    <link:label xlink:type="resource" xlink:label="label_SuzumuraTatenaoMember" xml:lang="ja" xlink:role="http://www.xbrl.org/2003/role/verboseLabel" id="label_SuzumuraTatenaoMember">鈴村　建直 [メンバー]</link:label>
    <link:labelArc xlink:type="arc" xlink:arcrole="http://www.xbrl.org/2003/arcrole/concept-label" xlink:from="SuzumuraTatenaoMember" xlink:to="label_SuzumuraTatenaoMember" />
    <link:label xlink:type="resource" xlink:label="label_SuzumuraTatenaoMember_2" xml:lang="ja" xlink:role="http://www.xbrl.org/2003/role/label" id="label_SuzumuraTatenaoMember_2">鈴村　建直</link:label>
    <link:labelArc xlink:type="arc" xlink:arcrole="http://www.xbrl.org/2003/arcrole/concept-label" xlink:from="SuzumuraTatenaoMember" xlink:to="label_SuzumuraTatenaoMember_2" />
    <link:label xlink:type="resource" xlink:label="label_MitaniTadashiMember" xml:lang="ja" xlink:role="http://www.xbrl.org/2003/role/verboseLabel" id="label_MitaniTadashiMember">三谷　正志 [メンバー]</link:label>
    <link:labelArc xlink:type="arc" xlink:arcrole="http://www.xbrl.org/2003/arcrole/concept-label" xlink:from="MitaniTadashiMember" xlink:to="label_MitaniTadashiMember" />
    <link:label xlink:type="resource" xlink:label="label_MitaniTadashiMember_2" xml:lang="ja" xlink:role="http://www.xbrl.org/2003/role/label" id="label_MitaniTadashiMember_2">三谷　正志</link:label>
    <link:labelArc xlink:type="arc" xlink:arcrole="http://www.xbrl.org/2003/arcrole/concept-label" xlink:from="MitaniTadashiMember" xlink:to="label_MitaniTadashiMember_2" />
    <link:label xlink:type="resource" xlink:label="label_NiimiShikajirouMember" xml:lang="ja" xlink:role="http://www.xbrl.org/2003/role/verboseLabel" id="label_NiimiShikajirouMember">新美　鹿次郎 [メンバー]</link:label>
    <link:labelArc xlink:type="arc" xlink:arcrole="http://www.xbrl.org/2003/arcrole/concept-label" xlink:from="NiimiShikajirouMember" xlink:to="label_NiimiShikajirouMember" />
    <link:label xlink:type="resource" xlink:label="label_NiimiShikajirouMember_2" xml:lang="ja" xlink:role="http://www.xbrl.org/2003/role/label" id="label_NiimiShikajirouMember_2">新美　鹿次郎</link:label>
    <link:labelArc xlink:type="arc" xlink:arcrole="http://www.xbrl.org/2003/arcrole/concept-label" xlink:from="NiimiShikajirouMember" xlink:to="label_NiimiShikajirouMember_2" />
    <link:label xlink:type="resource" xlink:label="label_KimuraManabuMember" xml:lang="ja" xlink:role="http://www.xbrl.org/2003/role/verboseLabel" id="label_KimuraManabuMember">木村　学 [メンバー]</link:label>
    <link:labelArc xlink:type="arc" xlink:arcrole="http://www.xbrl.org/2003/arcrole/concept-label" xlink:from="KimuraManabuMember" xlink:to="label_KimuraManabuMember" />
    <link:label xlink:type="resource" xlink:label="label_KimuraManabuMember_2" xml:lang="ja" xlink:role="http://www.xbrl.org/2003/role/label" id="label_KimuraManabuMember_2">木村　学</link:label>
    <link:labelArc xlink:type="arc" xlink:arcrole="http://www.xbrl.org/2003/arcrole/concept-label" xlink:from="KimuraManabuMember" xlink:to="label_KimuraManabuMember_2" />
    <link:label xlink:type="resource" xlink:label="label_MaekawaKunihikoMember" xml:lang="ja" xlink:role="http://www.xbrl.org/2003/role/verboseLabel" id="label_MaekawaKunihikoMember">前川　邦彦 [メンバー]</link:label>
    <link:labelArc xlink:type="arc" xlink:arcrole="http://www.xbrl.org/2003/arcrole/concept-label" xlink:from="MaekawaKunihikoMember" xlink:to="label_MaekawaKunihikoMember" />
    <link:label xlink:type="resource" xlink:label="label_MaekawaKunihikoMember_2" xml:lang="ja" xlink:role="http://www.xbrl.org/2003/role/label" id="label_MaekawaKunihikoMember_2">前川　邦彦</link:label>
    <link:labelArc xlink:type="arc" xlink:arcrole="http://www.xbrl.org/2003/arcrole/concept-label" xlink:from="MaekawaKunihikoMember" xlink:to="label_MaekawaKunihikoMember_2" />
    <link:label xlink:type="resource" xlink:label="label_OkadaYoshitakaMember" xml:lang="ja" xlink:role="http://www.xbrl.org/2003/role/verboseLabel" id="label_OkadaYoshitakaMember">岡田　義孝 [メンバー]</link:label>
    <link:labelArc xlink:type="arc" xlink:arcrole="http://www.xbrl.org/2003/arcrole/concept-label" xlink:from="OkadaYoshitakaMember" xlink:to="label_OkadaYoshitakaMember" />
    <link:label xlink:type="resource" xlink:label="label_OkadaYoshitakaMember_2" xml:lang="ja" xlink:role="http://www.xbrl.org/2003/role/label" id="label_OkadaYoshitakaMember_2">岡田　義孝</link:label>
    <link:labelArc xlink:type="arc" xlink:arcrole="http://www.xbrl.org/2003/arcrole/concept-label" xlink:from="OkadaYoshitakaMember" xlink:to="label_OkadaYoshitakaMember_2" />
    <link:label xlink:type="resource" xlink:label="label_NakajimaFumitakaMember" xml:lang="ja" xlink:role="http://www.xbrl.org/2003/role/verboseLabel" id="label_NakajimaFumitakaMember">中島　文隆 [メンバー]</link:label>
    <link:labelArc xlink:type="arc" xlink:arcrole="http://www.xbrl.org/2003/arcrole/concept-label" xlink:from="NakajimaFumitakaMember" xlink:to="label_NakajimaFumitakaMember" />
    <link:label xlink:type="resource" xlink:label="label_NakajimaFumitakaMember_2" xml:lang="ja" xlink:role="http://www.xbrl.org/2003/role/label" id="label_NakajimaFumitakaMember_2">中島　文隆</link:label>
    <link:labelArc xlink:type="arc" xlink:arcrole="http://www.xbrl.org/2003/arcrole/concept-label" xlink:from="NakajimaFumitakaMember" xlink:to="label_NakajimaFumitakaMember_2" />
    <link:label xlink:type="resource" xlink:label="label_SakaiHirooMember" xml:lang="ja" xlink:role="http://www.xbrl.org/2003/role/verboseLabel" id="label_SakaiHirooMember">左海　博夫 [メンバー]</link:label>
    <link:labelArc xlink:type="arc" xlink:arcrole="http://www.xbrl.org/2003/arcrole/concept-label" xlink:from="SakaiHirooMember" xlink:to="label_SakaiHirooMember" />
    <link:label xlink:type="resource" xlink:label="label_SakaiHirooMember_2" xml:lang="ja" xlink:role="http://www.xbrl.org/2003/role/label" id="label_SakaiHirooMember_2">左海　博夫</link:label>
    <link:labelArc xlink:type="arc" xlink:arcrole="http://www.xbrl.org/2003/arcrole/concept-label" xlink:from="SakaiHirooMember" xlink:to="label_SakaiHirooMember_2" />
    <link:label xlink:type="resource" xlink:label="label_AsanoNobuyukiMember" xml:lang="ja" xlink:role="http://www.xbrl.org/2003/role/verboseLabel" id="label_AsanoNobuyukiMember">浅野　信行 [メンバー]</link:label>
    <link:labelArc xlink:type="arc" xlink:arcrole="http://www.xbrl.org/2003/arcrole/concept-label" xlink:from="AsanoNobuyukiMember" xlink:to="label_AsanoNobuyukiMember" />
    <link:label xlink:type="resource" xlink:label="label_AsanoNobuyukiMember_2" xml:lang="ja" xlink:role="http://www.xbrl.org/2003/role/label" id="label_AsanoNobuyukiMember_2">浅野　信行</link:label>
    <link:labelArc xlink:type="arc" xlink:arcrole="http://www.xbrl.org/2003/arcrole/concept-label" xlink:from="AsanoNobuyukiMember" xlink:to="label_AsanoNobuyukiMember_2" />
    <link:label xlink:type="resource" xlink:label="label_NakayasuHiroshiMember" xml:lang="ja" xlink:role="http://www.xbrl.org/2003/role/verboseLabel" id="label_NakayasuHiroshiMember">中安　博司 [メンバー]</link:label>
    <link:labelArc xlink:type="arc" xlink:arcrole="http://www.xbrl.org/2003/arcrole/concept-label" xlink:from="NakayasuHiroshiMember" xlink:to="label_NakayasuHiroshiMember" />
    <link:label xlink:type="resource" xlink:label="label_NakayasuHiroshiMember_2" xml:lang="ja" xlink:role="http://www.xbrl.org/2003/role/label" id="label_NakayasuHiroshiMember_2">中安　博司</link:label>
    <link:labelArc xlink:type="arc" xlink:arcrole="http://www.xbrl.org/2003/arcrole/concept-label" xlink:from="NakayasuHiroshiMember" xlink:to="label_NakayasuHiroshiMember_2" />
    <link:label xlink:type="resource" xlink:label="label_HiharaToshikazuMember" xml:lang="ja" xlink:role="http://www.xbrl.org/2003/role/verboseLabel" id="label_HiharaToshikazuMember">檜原　俊一 [メンバー]</link:label>
    <link:labelArc xlink:type="arc" xlink:arcrole="http://www.xbrl.org/2003/arcrole/concept-label" xlink:from="HiharaToshikazuMember" xlink:to="label_HiharaToshikazuMember" />
    <link:label xlink:type="resource" xlink:label="label_HiharaToshikazuMember_2" xml:lang="ja" xlink:role="http://www.xbrl.org/2003/role/label" id="label_HiharaToshikazuMember_2">檜原　俊一</link:label>
    <link:labelArc xlink:type="arc" xlink:arcrole="http://www.xbrl.org/2003/arcrole/concept-label" xlink:from="HiharaToshikazuMember" xlink:to="label_HiharaToshikazuMember_2" />
    <link:label xlink:type="resource" xlink:label="label_ShogakiTatsuoMember" xml:lang="ja" xlink:role="http://www.xbrl.org/2003/role/verboseLabel" id="label_ShogakiTatsuoMember">正垣　達雄 [メンバー]</link:label>
    <link:labelArc xlink:type="arc" xlink:arcrole="http://www.xbrl.org/2003/arcrole/concept-label" xlink:from="ShogakiTatsuoMember" xlink:to="label_ShogakiTatsuoMember" />
    <link:label xlink:type="resource" xlink:label="label_ShogakiTatsuoMember_2" xml:lang="ja" xlink:role="http://www.xbrl.org/2003/role/label" id="label_ShogakiTatsuoMember_2">正垣　達雄</link:label>
    <link:labelArc xlink:type="arc" xlink:arcrole="http://www.xbrl.org/2003/arcrole/concept-label" xlink:from="ShogakiTatsuoMember" xlink:to="label_ShogakiTatsuoMember_2" />
  </link:labelLink>
</link:linkbase>