<?xml version="1.0" encoding="utf-8"?>
<!-- Generated by PRONEXUS WORKS -->
<link:linkbase xmlns:link="http://www.xbrl.org/2003/linkbase" xmlns:xsi="http://www.w3.org/2001/XMLSchema-instance" xmlns:xbrli="http://www.xbrl.org/2003/instance" xmlns:xlink="http://www.w3.org/1999/xlink">
  <link:roleRef xlink:type="simple" roleURI="http://disclosure.edinet-fsa.go.jp/role/jpcrp/rol_IndependentAuditorsReport" xlink:href="http://disclosure.edinet-fsa.go.jp/taxonomy/jpcrp/2018-03-31/jpcrp_rt_2018-03-31.xsd#rol_IndependentAuditorsReport" />
  <link:presentationLink xlink:type="extended" xlink:role="http://disclosure.edinet-fsa.go.jp/role/jpcrp/rol_IndependentAuditorsReport">
    <link:loc xlink:type="locator" xlink:href="http://disclosure.edinet-fsa.go.jp/taxonomy/jpcrp/2018-03-31/jpcrp_cor_2018-03-31.xsd#jpcrp_cor_IndependentAuditorsReportHeading" xlink:label="IndependentAuditorsReportHeading" />
    <link:loc xlink:type="locator" xlink:href="http://disclosure.edinet-fsa.go.jp/taxonomy/jpcrp/2018-03-31/jpcrp_cor_2018-03-31.xsd#jpcrp_cor_IndependentAuditorsReportNonConsolidatedTextBlock" xlink:label="IndependentAuditorsReportNonConsolidatedTextBlock_2" />
    <link:presentationArc xlink:type="arc" xlink:arcrole="http://www.xbrl.org/2003/arcrole/parent-child" xlink:from="IndependentAuditorsReportHeading" xlink:to="IndependentAuditorsReportNonConsolidatedTextBlock_2" order="1.0" />
    <link:loc xlink:type="locator" xlink:href="http://disclosure.edinet-fsa.go.jp/taxonomy/jpcrp/2018-03-31/jpcrp_cor_2018-03-31.xsd#jpcrp_cor_IndependentAuditorsReportNonConsolidatedTextBlock" xlink:label="IndependentAuditorsReportNonConsolidatedTextBlock" />
    <link:loc xlink:type="locator" xlink:href="http://disclosure.edinet-fsa.go.jp/taxonomy/jpcrp/2018-03-31/jpcrp_cor_2018-03-31.xsd#jpcrp_cor_AuditFirm1NonConsolidated" xlink:label="AuditFirm1NonConsolidated_2" />
    <link:presentationArc xlink:type="arc" xlink:arcrole="http://www.xbrl.org/2003/arcrole/parent-child" xlink:from="IndependentAuditorsReportNonConsolidatedTextBlock" xlink:to="AuditFirm1NonConsolidated_2" order="1.0" />
    <link:loc xlink:type="locator" xlink:href="http://disclosure.edinet-fsa.go.jp/taxonomy/jpcrp/2018-03-31/jpcrp_cor_2018-03-31.xsd#jpcrp_cor_AuditFirm1NonConsolidated" xlink:label="AuditFirm1NonConsolidated" />
    <link:loc xlink:type="locator" xlink:href="http://disclosure.edinet-fsa.go.jp/taxonomy/jpcrp/2018-03-31/jpcrp_cor_2018-03-31.xsd#jpcrp_cor_CPA1AuditFirm1NonConsolidated" xlink:label="CPA1AuditFirm1NonConsolidated" />
    <link:presentationArc xlink:type="arc" xlink:arcrole="http://www.xbrl.org/2003/arcrole/parent-child" xlink:from="AuditFirm1NonConsolidated" xlink:to="CPA1AuditFirm1NonConsolidated" order="1.0" />
    <link:loc xlink:type="locator" xlink:href="http://disclosure.edinet-fsa.go.jp/taxonomy/jpcrp/2018-03-31/jpcrp_cor_2018-03-31.xsd#jpcrp_cor_CPA2AuditFirm1NonConsolidated" xlink:label="CPA2AuditFirm1NonConsolidated" />
    <link:presentationArc xlink:type="arc" xlink:arcrole="http://www.xbrl.org/2003/arcrole/parent-child" xlink:from="AuditFirm1NonConsolidated" xlink:to="CPA2AuditFirm1NonConsolidated" order="2.0" />
  </link:presentationLink>
</link:linkbase>